نام,gender,score
عائشہ,0,0
عائشہ,0,0
عائشہ,0,0
عائشہ,0,0
عابان,1,1
ارو,0,1
عابد,1,1
ابراہیم,1,0
ایریرایلا,0,1
اٹال,0,0
عدہ,0,0
آدم,1,1
آدم,1,1
مثالی,1,1
Aaden,1,0.998814604
آرڈر,1,1
عہد,1,1
عرف,1,1
ابرروسیا,1,1
عادی,1,1
ارادہ,0,1
ثانوی,1,1
عہا,0,1
مطالعہ,1,1
عادی,1,0.977961433
اڈانی,1,1
عادل,1,1
عادل,0,0
تم ہو,1,1
اتھوریا,1,1
ایڈیشن,0,1
عائشہ,1,1
عائشہ,1,1
انہوں نے کیا,1,1
Adadri,0,1
عائشہ,1,1
ایڈو,1,1
Aadolf,1,0
ایڈن,1,1
ایڈریان,1,1
بدسلوکی,0,1
ایرانی,1,1
ایڈوکی,1,1
وہ پہنچا,0,1
اس پر جاؤ,0,1
عدن,1,0.962962963
عائشہ,0,0
عائشہ,0,0
عابد,1,0
عافیہ,0,1
عافیہ,0,0
عافیہ,0,0
Aafje,0,0
ایریرن,0,1
Aafrin,0,0
افتاب,1,0
سکاؤٹ,1,0
ایامم,1,1
آگن,1,0
Aagat,1,1
Aage کی,1,0
آمد,1,1
Aagot,0,1
اوہ یہ,1,1
عہد,1,1
عائشہ,1,1
ریلیف,0,1
جی ہاں,1,1
احم,1,0
اہریر,1,1
وہ ایک بہادر ہے,0,1
جی ہاں,0,1
Aahron,1,1
تبلیغ,1,1
Aaiden,1,1
عیدین,1,1
ایلا,0,1
Iliyah,0,1
درست:,0,1
کل,0,1
کل,0,0
ایئر,0,1
ایراہ,0,1
عائشہ,0,1
عائشہ,0,1
یانا,0,1
اوہ,0,1
آنکھوں:,0,0
تو,0,1
آزاد,1,0
آجا,0,1
Aajaylah,0,1
ملازمین,1,0
Aajon,1,1
اککاشا,0,1
Aakar,1,0
Aakarsh,1,1
Aakas,1,0
عاشق,1,1
ابتداء,1,1
عاقب,1,0
میں راحت کروں گا,0,0
اسے لے لو,0,0
کھاؤ,0,1
اکرا,0,1
اکیاہ,0,1
آسٹریا,0,1
Aala,0,1
Aalaa,0,0
Aalaiya,0,1
اس سے,0,1
سلام,1,0
مولانا,0,1
آلہ,0,1
عالیانی,0,1
AALAP,1,1
الفیا,0,1
سلطنت,0,1
سلطنت,0,1
عالیج,0,1
آلنا,0,1
ڈاؤن لوڈ کریں,0,1
ایالیا,0,1
ایلیا,0,1
الیاہ,0,1
الیاہ,0,1
ایلیینا,0,1
ایلیے,0,1
الیاہ,0,1
الیاہ,0,1
Aaleigha,0,1
اس سے,0,1
Aalena,0,1
Aalse,0,1
Aalexus,0,1
Aaleya,0,1
الیاہ,0,1
وہ ہے,1,0
الفیا,0,1
Aaliyah میں,0,1
Aaliana,0,1
الیاس,1,1
عالیہ,0,1
Aaliyah میں,0,1
Aalicia,0,1
رشتہ دار,0,0
اس سے,0,1
Aalijah,1,0.591065292
AALIM,1,1
ٹھیک ہے,0,1
ہمارے لئے,0,1
ینین,0,1
چھوڑنا,0,0
Aalisa,0,1
شیطان,0,0
علیا,0,1
Aalivia,0,1
عالیہ,0,1
الیایہ,0,1
عالیہ,0,0
عالیہ,0,1
عالیہ لاؤ,0,0
عالیہ,0,0
المالیہاری,0,1
عالیہ مریم,0,0
الیایہروس,0,1
عالیہ گلاب,0,0
Aaliyan,0,1
Aaliyana,0,1
Aaliyanna,0,1
عالیہ,0,1
اییایاہ,0,1
عالیہ,0,1
االله,0,1
پیش کرتے ہیں,1,1
Aalon,1,1
میکانزم,0,1
الیاہ,0,1
الیاسیا,0,1
الفلاح,0,1
اٹلی,0,1
عالیہ,0,1
اسے حاصل کرو,0,1
ایلیسیا,0,1
Aalyssa,0,1
Aalyvia,0,1
بند کرو,0,0
ام,1,1
ان کا اعتماد,0,0
Aamanda,0,1
ارمانی,0,1
گمنانی,0,1
عامر,1,1
امام,1,0.555555556
آیرین,1,1
امیا,0,1
اال,0,1
آمینہ,0,1
محفوظ,0,0
ایمر,1,1
Aamia,0,1
امیل,1,1
آملہ,0,1
آمن,1,0
آمینہ,0,0
امینہہ,0,0
عامر,1,0
گائیڈ,0,1
عامر,0,1
امیا,0,1
عائشہ,0,1
نہیں,0,1
محفوظ,0,0
عامر,1,0
امونیم,0,1
اموریوں,0,1
چلیں,1,0
Aamrin,0,0
صبح,0,0
امیا,0,1
عائشہ,0,1
عانا,0,1
عابد,1,0
شکریہ,0,0
آنند,1,1
اعان,1,1
الوداع,0,1
اعلال,0,1
Aania,0,1
عینیہ,0,1
عیاہ,0,1
عینک,0,0
عینک,0,1
عان,1,0
Aanis,1,1
عیسیہ,0,1
سائن اپ,0,0
Aaniya,0,1
عینیہ,0,1
عینیہلا,0,1
اعان,1,1
آسیشی,0,1
اوہ، یہ ہے,0,0
چاچی,1,0
معذرت,0,0
Aanvi,0,1
عانا,0,1
عائشہ,0,1
آپ کی بیوی کے ساتھ,0,1
Aapeli,1,0
سے Aapo,1,0
آپ کا,0,1
عقیق,1,1
کامیابی,1,1
Aara,0,1
اربر,0,1
ابھی تک,0,1
عربی,0,0
عبادت,0,1
پیارا,1,1
پیارا,0,1
Aarae,0,0
اٹھائیں,1,1
ایرالین,0,1
ایرالین,0,1
آران,1,1
ایلن,0,0
طوفان,1,1
ارتی,0,0
آرٹراکا,0,1
ارارو,1,1
ایروی,0,1
لکھیں,0,1
آرہرن,0,0
Aare کی,3,0
ایرون,1,0.76744186
ایرونا,0,1
Aarez,1,1
عاری,0,0.642857143
آریا,0,1
اریا,0,1
ایرانی,1,0.649635036
اریرا,0,1
ایریننا,0,1
عیب,1,1
ایریک,1,1
ایریکا,0,1
Aick,1,1
Aary,0,1
ایریل,0,1
Aarielle,0,1
سب سے زیادہ انتہا,1,1
Aifif,0,0
عارفہ,0,0
میں جانتا ہوں,0,0
ایرون,0,0
ایرک,1,1
ایریکا,0,1
ایریکیت,1,1
Aarilyn,0,1
Aarilynn,0,1
مرکز,1,0.613071895
ایرانی,0,1
ایرون,1,0.76109215
ایرونیا,0,1
ایروننا,0,1
ایرس,0,0.53968254
ایشور,1,1
ارٹ,1,1
ایارو,1,1
آری,0,1
عائشہ,0,1
عیسی,1,1
ایرینا,0,1
آسٹریا,0,1
Aariyona,0,1
ایروننا,0,1
ایرز,1,1
ارجاو,1,1
ارجو,0,0
ارن,1,1
ارن,0,1
ارناو,1,1
Aarnavi,0,1
آرین,1,0
سے Aaro,1,1
اررو,1,1
ہارون,1,1
ہارون,0,1
Aarolyn,0,1
ہارون,1,0
ہارون,0,1
ایرونا,0,1
ایرونڈا,0,1
Aarondeep,1,1
Aaronette,0,1
Aaronisha,0,1
ہارونجاکوب,1,1
ہارونجیم,1,1
ہارون جیمز,1,1
ہارون جے,1,1
ہارونجٹ,1,1
ہارون یحیی,1,1
ہارون جان,1,1
ہارونجوسف,1,1
ہارونجوش,1,1
ہارونجسو,1,1
ہارونلی,1,1
ہارون لی,1,1
ہارون مایکل,1,1
Aaronn,1,1
ہارونویر,1,1
آرون,1,1
Aaroosh,1,1
ایران,1,1
آرین,1,1
ایرون,1,1
اوہ,1,1
ارشی,0,1
آرسنیا,0,1
آرٹ,1,0
ارٹی,0,0
آرٹی,0,0
اینڈریو,0,1
ہارون,1,1
آشیشی,1,1
آشیشی,0,1
آروی,0,1
Aarvin,1,1
Aarya,0,0.799716914
عائشہ,0,1
اورتٹا,0,1
ایران,1,0.994540491
آریانہ,0,1
Aaryanna,0,1
بے چینی,1,1
روشنی,1,1
ایرین,0,0.610169492
ایرون,1,1
Aaryona,0,1
ارزا,0,1
Azu,0,0
Azu,0,0
Azu,0,0
AAS,1,0
Aasa,0,0
Aaser,1,1
فرور,1,0
آشا,0,1
ہم رہتے تھے,0,1
ایشے,1,1
Aashdon,1,1
ساشی,0,1
ایشیا,0,1
ایشف,1,0
جزوی,1,0
احسا,0,1
وہ نہیں ہیں,0,1
مبارک ہو,1,1
رقم,0,1
Aashis,1,0
ایشش,1,1
Aashita,0,1
Aashiya,0,0
اشنا,0,1
Aashka,0,1
ایشما,0,0
ایشمان,1,1
آشنا,0,1
ایشنی,0,1
پناہ گاہ,1,1
اندرونی,0,1
ٹیپ,1,1
میں دس ہوں,0,1
Aashu,0,0
Aashvi,0,1
ایشیا,0,1
آصف,1,0
عاصم,1,1
گدھا,1,1
یہ ہوا ہے,1,1
خرابی,1,0
Aasia,0,1
عائشہ,0,1
آما,0,0
Aasmin,0,0
Aason,1,1
عسا,0,1
Aasto,1,0
Aaston,1,1
Aasu,0,0
Atam,1,0
آدم,1,0
آتنن,1,1
آٹھیں,1,1
آرتریہ,1,1
Attif,1,1
عائشہ,0,0
اٹھو,0,0
لاطینی امریکہ,0,0
Aatikun,0,0
ونٹیج,0,0
اسے سخت کرو,0,0
اتیر,1,0
عائشہ,1,1
سوچا,1,0
حوا,1,0
Aatu,1,0
Aava,0,0
Aavah,0,1
ضروری ہے,1,1
ایون,1,1
جذبہ,1,0
انتظار,1,1
Aavin,1,1
Aavion,1,1
انہوں نے کھایا,0,1
بچے,1,1
Aavyn,1,0.545454545
عیا,0,1
کہہ دو,1,1
نوح,0,1
طول و عرض,1,1
مہودی,1,1
آشنا,0,1
اس کی آنکھیں,0,1
Aayanna,0,1
کم از کم,1,1
آئتاکار,0,1
اڈا,1,1
اڈن,1,0.995805369
عدن,1,1
عائشہ,0,0
آلا,0,1
آلاہہ,0,1
عیاہ,0,1
آلی,0,0
ایرا,0,1
عائشہ,0,0
عمر,1,1
آشش,1,1
آشاہ,0,1
Ayushi,0,1
عائشہ,0,0
مفت,1,0
آزادی,0,0
عازان,1,1
عازین,0,0
عازم,1,1
ہٹا دیا گیا,0,1
سے,1,1
ابا,0,0.814814815
ابان,1,1
ابا,1,1
Abacuc,1,0
صدی,1,1
Abaddon,1,0
ابابیل,0,1
ابابیل,0,1
Abagaile,0,1
اباگل,0,1
Abagayle,0,1
ابیگل,0,1
ابیگیل,0,1
ابیگیلیل,0,1
ایبٹ,0,0
ایان,1,1
abanoub,1,1
دونوں,1,1
اباب,1,0
خدا,1,1
Abass,1,1
ابیومی,1,1
انجیر,1,1
اس میں,1,0.85
اببا,1,1
عبدا,1,1
سکاؤٹ,0,1
ایبگل,0,1
ابابیل,0,1
ابال,1,0
عباس,1,0
ابوبکر,1,1
ابی,1,0
ابی,0,1
اببیگل,0,1
Abbegale,0,1
اببیگلی,0,1
ابی,0,0
ابیگیل,0,1
ابیگلی,0,1
ابیگےیل,0,0
ابی leigh,0,0
ابی لاؤ,0,0
ہے,0,0
ابی,0,0
ابیب این,0,0
Abbiegail,0,1
ابی گیل,0,0
Abbiegale,0,1
Abbiegayle,0,1
ابی گلی,0,0
ابی فضل,0,0
ابی جی,0,0
ابی جیمز,0,0
ابی جے,0,0
ابی جو,0,0
ابی لوا,0,0
ابی لی,0,0
ابی لی,0,0
Abbieleigh,0,0
ابی,0,0
ابوبیلیلو,0,0
ابی لوائس,0,0
ابی,0,0
ابی مئی,0,0
ابی ہو سکتا ہے,0,0
ابی گلاب,0,0
ابیگیلیل,0,1
ابیگیل,0,0.999548166
ابیگیلائل,0,1
Abbigal,0,1
ابیگلی,0,1
Abbigayl,0,1
Abbigayle,0,1
ایک لہر ہے,0,0
ابی لاؤ,0,0
Abbilyn,0,1
ابی,0,0
ابیبی,0,0
ایبٹ,1,1
ایبٹ,1,0.973392461
کا اعلان کیا ہے,0,1
Abbriella,0,1
Abbrielle,0,1
ابی,0,0
ابی,0,1
اببیگا,0,1
ابیگیل,0,1
Abbygaile,0,1
Abbygale,0,1
اببیگیل,0,1
ابی,0,1
ابی leigh,0,0
Abbylynn,0,1
ابی,0,0
Abcde,0,1
عبدل,1,1
ابدال,1,1
عبداللہ,1,1
عبد اللہ,1,1
عبدالرحمن,1,1
عبدالخالق,1,1
عبداللہ,1,1
عبد اللہ,1,1
Abdalrahman,1,1
عبدالرحمن,1,1
برہمن,1,1
عبدل,1,1
عبدالعزیز,1,1
Abdelhadi,1,1
Abdelkader,1,1
عبدالکریم,1,1
عبدلکرم,1,1
عبداللہ,1,1
Abdelmalek,1,1
عبدالرحیم,1,1
عبدالرحمن,1,1
عبدالرحمن,1,1
عبدالرووف,1,1
عبدالرحمن,1,1
برہمن,1,1
کی Abderrahmane,1,1
ابدررحمان,1,1
کی Abderrahmane,1,1
عبدی,1,0.96124031
عبدالعزیز,1,0
عبدالیاسین,1,1
عبدالزیزیز,1,1
عبدیل,1,1
عبداللطیفہ,1,1
عبدالحفید,1,1
عبدالحکیم,1,1
عبدالحکین,1,1
عبدالحمید,1,1
عبدالکریم,1,1
عبدکارم,1,1
عبدکارین,1,1
عبدخالقق,1,1
عبدلادف,1,1
عبداللہ,1,1
عبداللہ,1,1
Abdimajid,1,1
Abdimajiid,1,1
Abdimalik,1,1
عبدالنیب,1,1
عبدالنصر,1,1
Avdiu,1,0
عبدالقدوس,1,1
میری تعریف,1,1
عبدالرحیم,1,1
عبدیرین,1,1
عبد الرحمان,1,1
عبد الرحمان,1,1
عبدیرشید,1,1
عبدالرحمان,1,1
عبدالرزاق,1,1
عبدالیرق,1,1
عبدالیرقک,1,1
عبدالسلام,1,1
عبدالسلام,1,1
عبدالسلام,1,1
عبدشاکر,1,1
عبد العاباب,1,1
عبدیوداہ,1,1
عبدیوالی,1,1
ابدو,1,1
عبد اللہ,1,0
عبدن,1,1
عبدالرحمن,1,1
Abdou,1,1
عبد اللہ,1,1
عبد,1,1
Abdoulaye,1,1
عبدلازیز,1,1
عبدالولی,1,1
عبداللہ,1,1
ابدررہمان,1,1
abdourahmane,1,1
Abdrahman,1,1
عبدل,1,1
ابو,1,1
تبدیل کریں,1,1
عبدالملکیک,1,1
عبد اللہ,1,1
Abduel,1,1
عبدل,1,0
عبدل,1,1
عبداللہ,1,1
عبداللہہ,1,1
عبد اللہ,1,0
عبد اللہ,1,1
عبدالاحد,1,1
عبد اللہ,1,1
عبدالعلی,1,1
عبدل نارم,1,1
عبدالرحیم,1,1
ابیالی,1,1
Azim,1,1
عبدالرازق,1,1
عبدالظاہر,1,1
عبدالزیزیز,1,1
عبدالعزیز,1,1
عبدالباسط,1,1
عبدالباری,1,1
عبدالباسط,1,1
عبدالبصص,1,1
شیڈول,1,1
عبداالله,1,1
عبدالفتاح,1,1
عبدالفازاز,1,1
عبد اللہ حدیث,1,1
عبدالہادی,1,1
عبدالوئی,1,1
عبدالحکیم,1,1
عبدالرحیم,1,1
Abdulhakim,1,1
عبدالحکیم,1,1
عبدالرحیم,1,1
عبدالحمید,1,1
عبدالحمید,1,1
عبدالحنان,1,1
عبدالحق,1,1
عبدالسلام,1,1
عبداللہ,1,1
عبدالجبار,1,1
عبدالجیلیل,1,1
عبدالجلیل,1,1
Abdulkadir,1,1
عبدالکریم,1,1
عبد کریم,1,1
عبدالکریم,1,1
عبد کرم,1,1
عبدالخالق,1,1
Abdull کی,1,1
عبداللہ,1,1
عبداللہ,1,1
عبد اللہ,1,1
عبداللہ,1,0
عبدالله,1,1
عبدالوفف,1,1
عبدل لطیف,1,1
Abdullatif,1,1
عبدلازت,1,1
عبداللو,1,0
عبد اللہ,1,1
عبداللہ,1,0
عبدالمجید,1,1
عبدالججد,1,1
عبدالمجید,1,1
عبدالملکک,1,1
عبدالملکک,1,1
عبدالمالک,1,1
عبدالمتین,1,1
عبدالموامین,1,1
عبد الہسن,1,1
عبد الہیمین,1,1
Abdulnasir,1,1
عبدال ناصر,1,1
عبدالقادر,1,1
عبدالقیوم,1,1
عبدالرحیم,1,1
عبدالرحیم,1,1
Abdulrahim,1,1
عبدالرحیم,1,1
عبدالرحمن,1,1
عبدالرحمن,1,1
عبدراقق,1,1
عبد الرحمان,1,1
عبد الرحمان,1,1
Abdulrhman,1,1
عبدالسلام,1,1
عبدالسلام,1,1
عبدالصمد,1,1
عبدالصامی,1,1
عبدالواحد,1,1
عبدالواحد,1,1
عبدالواحد,1,1
عبدالواحد,1,1
عبدالوہاب,1,1
وہ ٹوٹ نہیں گئے ہیں,1,1
عبد,1,1
عبدالرحیم,1,1
عبدالرحیم,1,1
عبدالرحمن,1,1
عبد الرحمن,1,1
عبدالرحمن,1,0
عبد رافی,1,1
مجھے Abdurrahee,1,1
رحم کرنے والا,1,1
عبد,1,1
رحم کرنے والا,1,1
عبد الرحمن، جنہوں نے,1,1
عبد الرحمان,1,1
عبد الرحمن,1,1
رحم کی قسم,1,1
عبد الرحمان,1,1
رحم کی قسم,1,1
Abdurrh فنانسنگ,1,1
عبدالسلام,1,1
عبد اللہ,1,1
عبدشاکر,1,1
عبدالسلام,1,1
عبدالسلام سلام,1,1
عبدالسلام,1,1
عبدالسلام,1,1
عبدالسلام,1,1
Abduweli,1,0
میرے والد,1,0
ایبل,1,1
ایک بستر,1,1
سے Abeda,0,0
عبد اللہ,1,1
عبدالرحمن,1,1
Abednego,1,0
Abedraouf,1,1
ابا,1,1
اس کے دادا,0,0
اس کے والد,0,1
ایب,1,1
ایب,0,0.951401869
ایبیہ,0,1
ایبیہ,0,0
ایبیگل,0,0
Abegale,0,1
Abagayle,0,1
ابیل,1,0
Abela,0,1
ابیلارڈ,1,0
ابیلارڈو,1,1
Abele,1,0
ابیلینا,0,1
ابیلینو,1,1
ابیل,1,0.6875
مکھی,0,1
Abelone,0,0
ابم,1,1
Aben,1,1
ابینا,0,0
ابنی,0,0
Abencer,1,1
ابی,0,0
Abenner,1,0
لیکن,0,1
ابرشش,0,0
ابرڈین,0,1
ابھرام,1,1
ابرناہی,0,1
آبرٹ,1,1
Abery,0,1
غفلت,1,0
Abesalom,1,0
ابی,0,0.62962963
ابگل,0,1
ابا,0,0
اشارہ,0,0
الفاظ,1,0
ابی,1,0
ابیشسنگ,1,0
ابییک,1,1
اب,1,1
ابیاہ,0,0
رسائی,0,1
ابیجی,1,1
ابیجیٹ,1,0
ابیجیت,1,0
ابیجیت,1,1
نوبت,1,1
چاچا,1,1
ابلاش,1,0
وہ چمکتے ہیں,0,0
فخر,1,0
ابہمیانو,1,1
مبارک ہو,1,0
ابھش,1,0
ابنا,1,0
اداکاری,1,1
ابیایا,0,1
ابیون,1,0
ہپس,0,0
ابرم,1,1
ابراج,1,1
ابرم,1,1
اچھا,0,0
ابھرپ,1,1
ابیشی,1,0
ابیشخ,1,0
ابشیک,1,0
ابشیک,1,0
ابیشی,1,0
ابشیک,1,0
ابشیک,1,0
وہ جانتا تھا,0,0
ابلاغ,1,1
مدد,0,0
صرف,3,0
ابیگیل,0,0
ابیراج,0,1
ابیاہ,3,0
شروع کرو,1,1
Abianna,0,1
بابل,0,1
abibat,0,0
ابیباتھ,0,0
عابد,1,1
عابدہ,0,1
عابدہ,0,1
عابان,1,0
ہمیشہ,1,1
عابدیمی,1,0
تبدیل کریں,1,1
عابدور,1,1
ابی,1,0.904964539
ابیگل,0,1
ابیل,1,0
ابیل,0,1
تم سے شادی کرو,0,1
ابیزر,1,1
ابیگیل,0,0.996807152
ابیگیلیل,0,1
ابیگیل,0,1
ابیگیل,0,1
ابیگیا,0,0
ابیگیل,0,0
Abigaile,0,1
ابیگیلگل,0,1
ابیگیلیل,0,1
ابیگیل لاؤ,0,0
Abigailmarie,0,1
ابیگیلروس,0,1
ابیگیل گلاب,0,0
ابیگیل,0,1
ابیگلی,0,1
غلط استعمال کی اطلاع دیں,0,1
Abigayl,0,1
بے شمار,0,0
ابدی,0,1
ابیگیل,0,1
Abigial,0,1
اس کے والد,0,1
ابیبیل,0,1
ابیہو,1,0
ابیاہ,3,0
عربی,0,0
ابابش,1,1
ابیلیلہ,0,0
ابی لیگ,0,0
ابیلین,0,0
ابیلگل,0,1
ابیلیو,1,0
ابی لاؤ,0,0
ابیلین,0,1
ابیلن,0,1
ابی,0,0
ابییلیل,1,0
وہ نہیں کرتے,3,0
ابی ملک,1,1
ابییمچچ,1,0
کیا,1,1
ابینا,0,0
ابناش,1,1
ابیناباب,1,1
ابینڈی,1,1
ابیش,1,1
اباب,1,1
ٹھیک ہے,0,1
یہ سب ہے,1,1
ابینیش,1,1
ابیوڈون,3,0
ابیولا,0,0.768421053
ابونا,0,1
خلاصہ,1,0
ابیر,1,0.730205279
ابارا,0,1
ابیرام,1,0
ابیامی,0,1
ابیامی,0,0
ابی گلاب,0,0
Abisag,0,1
یہاں Avishai,1,0
ابیان,1,1
اباب,0,1
عائشہ,0,1
ابیشگ,0,0
ابیشی,1,0
ابشیک,1,0
ابابیک,1,1
ابیان,1,1
ابیشان,1,1
ابیشی,1,1
وہ معافی چاہتا ہے,0,1
بدسلوکی,0,0
ابوالتی,0,0
ابی ٹیلر,0,0
اباب,0,0
ابیڈود,1,1
ابیا,0,0
Abige,0,0.5
ابائزر,1,1
بہن,0,1
قابلیت,1,1
Abnel,1,1
ابھر,1,0
ابنی,0,0.666666667
ابو بکر,1,1
ابوالفضل,1,0
خواتین,0,0
Abony,0,1
ابو,1,1
Aboubacar,1,0
Aboubakar,1,1
کھولیں,0,1
ابراام,1,0
ابھار,1,1
ابہرا,0,1
ابراہیم,1,0
ابراہان,1,1
ابراہیم,1,1
ابراہیم,1,1
ابراہیم,1,1
Abrahm,1,1
ابرام,1,0
ابراہیم,1,0
کھولیں,1,1
آہستہ,0,1
ابرار,0,0.525757576
ابراکس,1,0.545454545
ابا,0,1
Abreana,0,1
کھولیں,0,1
براہ مہربانی دوبارہ کوشش کریں,0,1
نیویا,0,1
وہ کھولتے ہیں,1,1
Abreona,0,1
Abreonna,0,1
Abrey,0,1
ابیرا,0,1
Abrham,1,1
پناہ گاہ,0,1
کھولیں گے,0,1
آرا,0,1
ابیڈل,0,1
وہ کھولیں گے,1,1
Abrian,1,0.982394366
ابرانا,0,1
Abrianna,0,1
ابرانناہ,0,1
Abrianne,0,1
Abrie,0,1
Abriel,0,0.646542261
Abriela,0,1
Abriele,0,1
Abriella,0,1
Abrielle,0,1
کھولیں,1,1
ابین,0,1
ابرگیل,0,1
Abrihet,0,1
اپریل,0,0.999280161
ابریل,0,1
ابرن,0,0
ابرینا,0,1
abrion,1,1
کھولیں,0,1
کھولیں,0,1
ابرش,0,1
Abriya,0,1
ابرام,0,1
ابیا,0,1
ابرامس,1,1
ابرون,1,1
abrum,1,1
ابی,0,1
یریانا,0,1
ابراننا,0,1
ابیرییلا,0,1
ایریرییل,0,1
Abryl,0,1
Absalat,0,1
ابیسموم,1,0
Absalon,1,1
ابسر,1,1
ابشیر,1,1
ابلاغ,0,1
ابولون,1,0
Abtin,1,1
ابو,1,0
ابوبکر,1,1
ابوبکر,1,1
ابوبکر,1,0
ابو بکر,1,1
ہراساں کرنا,1,1
ابوبکر,1,1
ابوبکر,1,1
ابوبکر,1,1
ابوبکر,1,1
ابو بکر,1,1
ابو حریرا,1,1
خلاصہ,1,1
Abukar,0,1
ابوکر,1,1
ابوال,1,0
ابدی,1,1
ابو سوفان,1,1
ابوذر,1,1
کرنے,0,0.777777778
ابیڈے,0,1
ابیان,1,0.777777778
ابیگیل,0,1
ابیگیل,0,1
Abygaile,0,1
Abygale,0,1
ابیگیلا,0,1
ابیسیشیا,0,1
اور,1,1
یہاں,1,0
اکاکیا,0,0
Acacius,1,0
اکادیا,0,1
Acamas,1,1
آتنھا,0,0
Acari,1,1
Acasia,0,1
اکاکیا,0,1
Accalia,0,1
رسائی,1,1
Accie,1,1
Accursio,1,1
Ace,1,0
کہ,1,0.927536232
Acein,1,1
کہ,1,1
Acelin,1,0.838983051
Acelino,1,1
آسیہ,0,0
Acelyn,0,0.985632184
Acelynn,0,1
ایکن,1,1
کشیدگی,1,1
Aceon,1,1
Acer,1,1
Aceson,1,1
Acesyn,1,1
acetone کے,1,1
Acey,1,0.962352941
Aceyn,1,1
اشاب,1,0
achab,1,0
اچھا,1,1
اچیا,0,1
اکیسیکس,1,0
اچاکوس,1,0
آچن,1,0
Achante,0,1
اچتی,0,1
Achard,1,0
آچاری,1,1
رپورٹ,0,1
Achel,0,1
اچرون,1,1
اچیگین,0,0
کوائف,1,0
اکیلے,1,0
اکیلے,1,0
اکیلے,1,1
آخم,1,0
اچن,1,0
اچینووم,0,0
سوئچنگ,1,1
اکول,0,1
اشرف,1,1
اچسا,0,1
اچسا,0,1
ایوٹ,1,1
ایوٹ,1,1
ایکیا,0,1
aciano,1,1
لکیر,1,0.978250362
Aciel,1,1
فوری,1,1
اکائر,0,1
آرچی,1,0
قبول کرو,1,1
اککی,1,1
آکو,1,0
ٹھیک ہے,1,1
Acquanetta,0,1
Acquanette,0,1
Acsa,0,1
Acura,0,1
Acxel,1,1
آسیسی,1,0.982078853
کے,1,0
وہاں ہے,0,0
میرے والد,1,1
ایڈابیل,0,1
عادابیلا,0,1
ایڈابیل,0,1
ایڈاب پیٹر,1,1
ADAC,0,1
عاداد,1,0
اڈا,1,1
چھوڑ دو,1,1
چھوڑ دو,0,1
عرش,0,0
ایڈجیو,1,1
یا نہیں,0,0
دکھائیں,1,1
عادلہ,0,1
عادلیا,0,1
عادی,1,1
وہ اسے پسند کرتا ہے,0,1
Adaia,0,1
یسعیاہ,0,0.857142857
بڑے ذیلی,0,1
اڈگا:,0,1
ایڈیلین,0,1
عادین,1,1
ایڈیر,1,0
Atsushiro,0,1
کہہ دو,0,1
ایڈیریس,0,1
عائشہ,0,1
Adaisia,0,1
ایڈجا,0,1
ادجا,0,1
اداکو,0,1
عادل,1,1
عادل,0,1
عادل,0,1
Adlake,0,1
عملی,0,1
اڈالائیڈ,0,1
عدالت,1,0
عدالت,0,1
عدالت,0,1
Adalay میں,0,1
Adalberht,1,0
Adalbern,1,0
Adalbert کا,1,0
Adalberto,1,0
پٹھوں,0,1
عدالت,0,1
عدلہ,0,1
Adalee,0,1
Adaleen,0,1
ایڈلیینا,0,1
عادلی,0,1
ایڈیلیا,0,1
ایڈیل,0,1
ایڈیلین,0,1
Adalen,0,1
Adalena,0,1
عادلین,0,1
جسٹس,0,0
جسٹس,0,1
Adaleya,0,1
حکم دیا,0,1
Adalfarus,1,0
عادفونس,1,0
عادلارڈ,1,0
Adalheidis,0,0
Adalhi,0,1
وہ ہیں,0,0.939086294
ینٹالیا,1,0
Adaliah,0,1
Adalicia,0,1
ایڈمنڈ,1,0.9
عادلڈا,0,1
داخل کریں,0,1
عادلین,0,1
عادلین,0,1
Adalina,0,1
عادلند,0,1
عادلندا,0,1
عادلین,0,1
Adalinn,0,1
Adalinne,0,1
عادل,0,1
Adalisa,0,1
ایڈجسٹ کریں,0,1
Adalisse,0,1
عادل,1,1
جسٹس,0,1
ہم منصفانہ ہیں,0,1
ایڈجسٹ کریں,0,1
Adallyn,0,1
Adallysha,0,0
ایڈالون,1,0
Adalwolf,1,0
Adaly,0,1
عادل,0,1
Adalya,0,1
Adalyn,0,0
عادلین,0,1
Adalynd,0,1
Adalyne,0,1
Adalynn,0,0
Adalynne,0,1
Adalys,0,1
اجنبی,0,1
آدم,1,0
آدم,0,0.597593583
ADAMA,0,1
آدماری,0,1
آدمی,0,1
آدمارس,0,1
آدماریز,0,1
آدمی,0,1
آدمی,0,1
آدم,1,1
ہو سکتا ہے,0,0
انسان کو,0,0
آدم جیمز,1,1
آدم جیس,1,1
آدم جارج,1,1
Adamm,1,1
اجنام,0,1
ناگزیر,1,1
آدم,1,0
ایڈمز,1,1
آدمو,1,0
عدنان,1,0.996122935
اڈانا,0,1
ایڈنلی,0,1
Adanelly,0,1
Adanely,0,1
عدنان کی,0,0
عدنان کی سزا,0,0
Adante,1,1
وہاں,0,1
صدوسیس,0,1
ادہ,0,1
ایڈار,1,0.666666667
مارچ,0,0
ادارا,0,1
اداری,1,1
جواب دیا,0,1
ایڈریان,1,1
ایڈریو,1,1
ایڈورینس,1,1
بے حد,1,1
ایڈریو,1,1
ایڈریری,1,1
ایڈریری,1,1
Adarryll,1,1
ایڈریس,1,1
Adaryl,1,1
ایڈرییل,1,1
پینل,1,1
اڈسا,0,1
ایڈشیا,0,1
سالگرہ,0,1
ایڈنسن,0,0.5
Adassa,0,1
اداس,0,0
اداسین,0,1
گرا دیا,0,1
ایڈورٹائزنگ,0,1
adavis,0,1
احسان,1,1
امیدواروں,0,1
میں نے اسے مدعو کیا,0,1
امیدواروں,0,1
ادیر,0,0
اشتہارات,0,1
اس نے اسے چھوڑ دیا,0,1
ایڈسیا,0,1
عادل,1,1
Adbiel,1,1
شامل کریں,1,1
اڈہ,0,1
جدہ,0,1
Addai,1,1
Addalee,0,1
Addaleigh,0,1
Addaley,0,1
نبیل,0,1
Addalin,0,1
Addalina,0,1
اڈالین,0,1
Addalyn,0,1
Addalyne,0,1
سایڈست,0,1
Addalynne,0,1
زیادہ؟,1,1
نام سے,1,1
موافقت,0,1
شامل,1,0
Addelin,0,1
Addelina,0,1
Addeline,0,1
Addell,0,1
Addelyn,0,1
Addelyne,0,1
Addelynn,0,1
Addelynne,0,1
adden,1,1
عدل سے,1,1
Addeson,0,1
اضافہ,0,1
Addey,0,1
اضافی,0,1
Addias,0,1
عادی,1,1
Addicyn,0,1
اضافی,0,0
Addiel,1,1
Addielynn,0,1
Addiemae,0,1
اینڈین,0,0
اضافہ,0,0
Addieson,0,1
Addilee,0,1
Addileigh,0,1
Addiley,0,1
Addiline,0,1
Addilyn,0,1
ادلی,0,1
اپیلنٹ,0,1
ادلیئن,0,1
شامل کریں,0,1
ایڈسٹنگ,1,0.615384615
Addis,1,0.714007782
ایڈیشن,0,1
Addisen,0,0.994219653
Addisin,0,1
ایڈیسن,3,0
Addisson,0,1
ایسٹسٹن,0,1
ایڈیسن,0,1
اضافہ,0,1
Addisynn,0,1
Addix,1,1
Addle,0,1
Addlee,0,1
Addley,0,1
Addlie,0,1
Addon,0,1
اضافہ,0,1
Addonis,1,1
اریریانا,0,1
Addrianna,0,1
اریریون,0,1
اضافہ,0,1
اضافی,0,0
Addylan,0,1
Addylen,0,1
Addylin,0,1
اضافی لائن,0,1
Addylyn,0,1
اضافہ,0,1
Addysan,0,1
Addysen,0,1
Addysin,0,1
Addysn,0,1
Addyson,0,0
Addysun,0,1
پلج,0,1
عیسی,1,0
ایڈیا,0,1
ڈین,0,0.801724138
عدنان,0,1
اوپر,0,1
Adebayo,1,0
Adebisi,0,1
Adebola,3,0
Adebowale,3,0
Adeboye,1,1
مناسب,0,1
Adedamola,1,1
Adedapo,1,1
ایڈڈیو,3,0
اس کے علاوہ,1,1
ٹوئن,1,1
Addelapo,0,0
Adedotun,1,1
Adedoyin,0,1
ایڈی,0,1
ادیب,1,1
ادیب,0,1
ادیب,0,0
ایڈیل,1,1
ایڈلی,0,0
اطمینان,1,1
عدنان,1,1
اڈینا,0,1
اڈییسا,0,0
اڈیوفا,0,0
Adegoke,1,0
Adeife,0,0
ایڈن,1,1
Adeja,0,1
Adejah,0,1
Adejinm,1,1
Adekemi,0,1
حادثہ مت کرو,1,1
عادل,1,0
لوڈ Adela,0,0
ایڈیلڈ,0,1
ایڈیلا اوہ,0,1
عادل,0,1
عادلی,0,1
ایڈیلائڈ,0,1
ایڈیلائڈ,0,0
ایڈیلائڈ,0,0
ایڈیلڈو,1,1
ایڈیلین,0,1
ایڈیلین,0,1
ایڈیلیس,0,0
Adelajda,0,0
ایڈیلین,0,1
ایڈیلارڈ,1,1
ایڈیلارڈو,1,0
Adelay,0,1
ایڈیلیا,0,1
Adelay,0,1
ایڈیلے میں,0,1
ایڈیلین,0,1
ایڈیلبرٹ,1,0
ایڈلی,0,0
ایڈنن,0,1
ایڈلی,0,1
ایڈنین,0,1
اے کی کلاس,0,1
A's Leigh,0,1
اس کی ایک کلاس,0,1
تکلیف,1,1
شرافت,0,1
Adelena,0,1
Adelene,0,1
عادلی,0,1
اڈفا,0,1
Adelfina,0,1
بھائی,1,1
Adelheid,0,0
عادلی,0,1
ایڈیلیا,0,0
Adeliah,0,1
Adelice,0,1
عادلیا,0,1
Adelie,0,1
عادللہ,0,1
Adelin,0,1
Adelina کی,0,0
Adelinah,0,1
ایڈلی,0,1
ایڈلی لائن,0,0
adelinne,0,1
adelinne,0,1
Adelino,1,1
Adelis,0,1
فیڈ,0,1
Adelise,0,1
اڈلیتا,0,0
مبارک ہو,0,1
ایڈیل,0,0.85404202
ایڈیلا,0,0
Adelle,0,0
ایڈیلیا,0,1
ایڈیل لائن,0,1
Adlinyn,0,1
Adellynn,0,1
عادل,0,1
ایڈمرمر,1,0
عادلرا,0,1
عادلمو,1,1
ایڈیلور,1,1
عادلیا,0,1
لوڈ Adela,0,1
ایڈلی,0,1
Adelyn,0,0
ادلیہ,0,1
Adelyne,0,1
Adelynn,0,1
Adelynne,0,1
اطمینان,0,1
آدم,1,0
ایڈمر,1,0
ایڈمرارو,1,0
مدعو,1,1
اطمینان,1,0.848484848
ادیمی,1,0
ڈیمو,0,0
ادیمولا,1,1
ایڈن,1,0
اڈینا,0,0
ایڈنائی,0,1
Adenike,0,1
بالکل,1,1
ایڈن,1,1
Elha'nan,1,0
اڈولا,0,0.932773109
شکریہ,1,1
Adeoluwa,1,1
adeon,1,1
کامل,0,0
رگ,0,1
الحاق,0,1
ادیمی,1,1
Aderinola,0,0
Aderinsola,0,1
میں وہاں ہوں گے,0,1
کافی,0,1
Adersen,1,0
ایڈرین,0,0
ایڈس,0,1
آرڈر,1,1
آرڈر,0,1
اڈیسینا,0,1
Adesire,0,1
اڈیسولا,0,1
Adessa,0,1
مجھے برا نہیں ہے.,0,1
وہ بیمار تھا,1,1
Adetayo,1,1
مانیٹر کرتا ہے,3,0
Adetola,1,1
اشتہاری,1,1
ایڈیٹون,0,0
Adetunji,1,1
Adeturo,0,0
اڈوا,0,1
عادل,1,1
Adewonuola,0,0
Adduumi,1,1
ادیوونی,0,0
ایڈی,0,1
ادیمی,1,1
انعامات,0,0.5
عادل,1,1
Adgie,0,0.583333333
ادھم,1,1
آدم,1,1
ایڈہارا,0,0
جزوی,1,1
دادو,1,1
ڈیوائس,1,1
ایڈش,1,1
ڈاؤن لوڈ، اتارنا,1,1
ایڈمر,1,1
ادھیببو,0,0
Nadhira کی,0,1
Adhiraj,1,1
عائشہ,1,0
زیادہ سے زیادہ,0,1
ماتحت,1,1
ادھٹا,1,1
پٹھوں,0,1
عدنانان,1,1
بنیاد پر,1,1
ادھر,1,1
ایڈیٹا,1,1
ثانوی,1,1
آداکا,0,1
مطالعہ,0,1
مطالعہ,1,1
یہ عام ہے,0,0
ایڈیا,0,1
ایڈیا,0,1
رکھو,0,1
اجنبی,1,1
اڈیانا,0,1
کافی,0,1
پائلٹ,0,1
ای جی,1,1
اڈبا,0,1
عائشہ,0,0
ایڈڈاس,1,1
سے Adie,0,0.906976744
ایڈیل,1,0.937047757
Adiela,0,1
Adiella,0,1
Adielle,0,1
اجنبی,1,1
ادیاہ,0,1
عادکا,1,1
نیچے,1,1
منصفانہ,1,0
عادل,0,0
یہاں ہے,0,1
ادلی,0,1
ایڈلی,0,1
عادل,0,1
عادل,0,1
بس جب تک,0,0.998575499
ان کو مدعو کریں,0,1
Adilenne,0,1
Adileny,0,1
Adilet,3,0
ڈلی,0,1
عادلیا,0,1
عادلین,0,1
ایڈیلسن,1,1
Adilyn,0,1
Adilyne,0,1
Adilynn,0,1
Adilynne,0,1
عمر,1,0.96789847
عمر,1,0
ذیل میں,0,1
ایڈن,0,1
ایڈنو,1,0
Adione,0,0
ادیر,1,0
عادرا,0,1
ادیرہ,0,1
Adiraica,0,0
ایڈس,1,0.947368421
ایڈسا,1,0
ادیان,1,0
Adisen,0,1
ایڈیسن,0,0.824860335
ایڈسن,0,0.941860465
ایڈسین,0,1
Adisynn,0,1
ایڈسیین,0,1
عادل,1,1
ادھر,1,1
لاپتہ,0,1
ادھر,0,1
Adithya,1,1
ایڈٹی,0,0
ایڈیٹیا,1,0
Aditri,0,1
ادیتا,1,0
ادیتالک,1,0
ایڈو,1,1
عادی,0,1
ادی,1,1
تعریف,0,1
عائشہ,0,1
عدنان,1,1
وضاحت کریں,0,1
ادجی,0,1
Adjoa,0,0
adju,0,1
عادلی,1,0
عادلان,1,1
عادلین,1,1
نام,1,1
ایڈلر,0,1
ایلیان,0,1
Adlee,0,1
عادلی,0,1
Adleigh,0,1
عادلی,0,1
اشتھارات,0,1
اڈینا,0,1
Adlene,0,1
عادر,1,0.909090909
ایڈلی,0,0.826327434
عادل,1,1
Adlie,0,1
Adlih,0,1
Adlin,0,1
عادلینا,0,1
اشتھارات,0,1
عدل,0,1
Adlyn,0,1
ایڈلیہ,0,0
اضافہ,0,1
اما,1,1
Admir,1,1
ایڈمرل,1,1
اطاعت کرو,0,0.910714286
ایڈن,0,1
Adna,0,0.969620253
عدنان,1,1
عدنان,1,0
ایڈل,1,1
ایڈنر,1,1
AID,1,1
اینڈریا,0,1
ایڈن,1,1
نوجوان,1,1
ایڈولف,1,0
ایڈوفیلوٹو,1,0
ایڈوفولو,1,0
ایڈولین,0,1
ایڈولف,1,0
Adolpha,0,1
ایڈولف,1,0
ایڈولفن,0,1
ایڈولفو,1,1
ایڈولفس,1,0
یہ,1,1
آدم,1,0
ایڈن,1,1
ایڈونا,0,1
ایڈونائی,1,0
ایڈونای,1,1
اڈونیا,0,1
الوداع,1,1
ایڈونی,1,1
اڈونیا,0,1
ایڈونہ,1,0.681818182
اڈونیا,1,1
Adonica,0,1
ادونیاہ,1,0
ایڈونیرم,1,0
اڈونیس,1,0
تمہارا نام ہے,1,1
Adonna,0,1
Adonnis,1,1
Adontae,1,1
Adonte,1,1
Adons,1,1
adony,1,1
لوئر,0,1
Adonys,1,1
محبت کرتا ہے,0,0
ایڈورابیلا,0,1
پیارا,0,1
حملہ,0,1
ایڈورا,0,1
ادوریم,1,1
پسند,0,0.92972973
محبت کرو,0,1
ایڈیا,0,1
ایڈورین,1,1
ایڈورڈا,0,0
سجاوٹ,1,1
ایڈورن,0,1
ایڈورن,0,0
ایڈرا,0,1
ایڈجسٹ,1,0.878600384
ایڈنین,0,0.977973568
Adrainne,0,1
محکمہ,1,1
مثالی,1,0
ادریس,0,0
ایڈریسسٹیا,0,0
ایڈورٹاس,1,0
ادرایا,0,1
ایڈریس,1,1
ایڈریس,0,1
ایک خواب,0,1
برقرار رکھا,1,0.637168142
Adreana,0,1
Adreanna,0,1
Adreanna,0,1
Adreanna,0,1
Adreauna,0,1
Adree,0,1
اینڈرینڈا,0,1
ادریس,1,1
ایڈیشنل,1,1
سے adre,1,1
سے adre,0,1
Adreinne,0,1
ارڈیل,1,1
ایڈن,1,1
ایڈینڈا,0,1
اینڈرین,0,1
ایڈریون,1,1
ایڈروونا,0,1
ہوم مالکان,0,1
ایڈو,1,1
ایڈریانا,0,1
ایڈریان,1,1
ایڈریونا,0,1
ادھر,0,0.888268156
ایڈیا,0,0
ایڈریان,1,0
ایڈریکین,0,0
ادیاہ,0,1
Adriahna,0,1
ایڈیلل,1,1
Adrialis,0,1
Adrialys,0,1
ایڈریم,1,1
ایڈرین,1,0
ایڈریانا,0,0
Adrianah,0,1
ایڈریان,0,0.956761875
ایڈریئر فرشتہ,0,0
Adrianjames,1,1
ایڈریان لی,1,1
Adrianna,0,0.898734177
Adrianna,0,0
Adriannah,0,1
Adrianne,0,0
Adrianno,1,1
Adrianny,0,1
Adriano,1,0
Adrianpaul,1,1
ایڈریان,1,1
Adrianus,1,0
Adriatic کے,1,1
ادراونا,0,1
あ あ り あ ん あ あ,0,1
Adric,1,1
ایڈریک,1,1
ایڈریان,0,1
Adriean,1,1
Adriean,0,1
Adrieanna,0,1
Adrieanne,0,1
ایڈیل,1,0.923973482
ایڈرییلا,0,1
ایڈرییل,1,1
ایڈرییلا,0,1
ایڈرییل,0,1
Adrien,1,0
ایڈریینا,0,1
ایڈیری,0,0.974720265
Adrienn,0,0
ایڈرین,0,1
Adrienne,0,0
ایڈرینی,0,1
Adrieonna,0,1
ادریہ,0,1
ایڈریہنا,0,1
ایڈیا,0,1
ایڈریان,1,0
ایڈریان,0,0
ایڈریس,1,1
Adric,1,1
ادکر,0,1
ایڈرن,1,0.965811966
Adrina,0,1
Adrine,0,0.927536232
ایڈرین,0,1
Adrinne,0,1
Adrion,1,1
Adriona,0,1
Adrionna,0,1
Adris,1,1
Adrita,0,1
ادھر,1,1
Adriunna,0,1
ایڈریس,1,1
ایڈریان,1,1
لوڈ Adriana,0,1
کرنے Adriyann,0,1
Adriyel,1,1
ایڈروئن,1,1
میں جانتا ہوں,0,1
ایڈریان,1,0.85470852
ایڈریانا,0,1
ایڈریانہ,0,1
ایڈرین,0,1
ایڈریانا,0,1
ایڈریونا,0,1
Adryel,1,1
Adryell,1,1
Adryen,1,1
آرمی,1,1
ایڈرین,1,0.8125
ایڈریون,1,1
ایڈیری,0,1
ایڈولفو,1,1
ایڈوٹ,0,1
شامل کیا,0,0
ایڈیٹا,1,1
ایڈیٹا,0,1
ایڈوٹی,1,1
ایڈوئ,1,1
Advik,1,1
Advika,0,1
ایڈوٹ,1,1
ایڈوٹا,0,1
ایڈوڈ,1,1
ایڈوٹا,0,1
ایڈڈیٹی,0,0
رکو,1,1
ردعمل,1,1
ایڈیل,1,1
ایڈن,1,1
عادیتا,0,1
ادیتا,0,1
ادوو,0,0
ایڈوہ,0,0
Ady کی,0,1
عادیا,0,1
ایڈیشن,1,1
عدنان,1,1
Adyanna,0,1
زبردست,1,1
ایڈن,1,1
انہوں نے رقص کیا,0,1
Adylee,0,1
عادل,0,1
وہ جاگ رہے ہیں,0,1
وہ نفرت کرتا تھا,0,1
Adylenne,0,1
الوداع,0,1
آنندینا,0,1
انیلین,0,1
ایڈیلن,0,1
Adylyn,0,1
وقف,0,1
Adym,1,1
ایڈن,1,0.91023622
عدنان,1,0.7875
وہ زبردست تھے,0,1
میں ڈرتا ہوں,0,1
معاف کرو,0,1
خاموش,0,0.990857757
Odysseus,0,1
Adysun,0,1
ایڈسیین,0,1
Aeara,0,0
گارڈن,1,1
عدن,1,0.986066105
عدنان,1,1
Aeddon,1,1
Aeden,1,0.992448759
Aydin,1,1
Aedon,1,1
ایڈرک,1,1
Aedyn,1,0.876155268
جائلز,1,0
مردار,0,0
Aeiden,1,1
ڈاکٹر سے ملاقات کریں,0,1
اے,0,1
Aejaz,1,0
Aekjot,0,0
اییلا,0,1
ایپل,0,1
Akaba,0,1
Aeleen,0,1
Aeleigh,0,0
فلاح,1,1
اییلیا,0,0
Aeliana,0,0
aelianus,1,0
Aelicia,0,1
Aelisa,0,1
ایشش,0,1
Aelita,0,1
aelius,1,0
اییلا,0,0
الف,1,1
Aelyn,0,1
Aelynn,0,1
عمان,0,0
Aemelia,0,1
املیہ,0,0
Procula,0,0
Æmilianus,1,0
aemilius,1,0
ایونیم,1,1
Aemtenan,0,0
اینیاس,0,1
اینیس,1,0
Aengus,1,0
ایین,0,0
اییوولس,1,0
عین,1,0.511278195
جی ہاں,0,1
آیوین,0,1
ایریلا,0,1
ایرلین,0,1
فضائی,0,1
ایرین,1,1
ایئر,0,1
فضائی,0,0.996756757
فضائی,1,1
ہوا,0,1
Aerianna,0,1
aeric,1,1
aeric,0,1
وینٹیلیشن,1,1
Aericka,0,1
ایری,0,1
ایریل,0,1
ایرییلا,0,0
ایرییل,0,1
Aeriella,0,1
ایریری,0,1
گیسیں,0,1
ایرک,1,1
ہمیشہ,0,1
Aerilyn,0,1
ایروڈمیشنز,0,1
ایرین,0,0.977622378
میں Aerion,1,0.815384615
میں Aerion,0,1
ایروننا,0,1
ایرس,0,1
Aerith,0,1
Aerius,1,1
ایرو,1,0.82278481
ایرون,1,0
ایرونا,0,0
Aeronwen,0,0
ایرونوی,0,0
Aerowyn,0,1
Aired,0,1
ایریا,0,1
اریننا,0,1
Aeryk,1,1
ایرین,0,0.973770492
Aeryona,0,1
ایسا,0,1
ایشوریا,1,0
اس طرح,0,1
ایشیا,0,1
ایسن,1,0
Aesop,1,0
ایٹن,1,1
Ae'tius,1,0
AETNA,0,1
ایوا,0,1
آو,0,1
ایوا لاؤ,0,0
Aevin,1,1
Aevry,0,1
Aevyn,0,1
Aeyden,1,1
ایلا,0,1
عائشہ,0,0
ایزاز,1,1
دادا,1,1
افان,1,1
افاف,0,0
افان,1,1
Athanasius,1,0
افانسی,1,0
افانین,0,0
Afag,1,1
افریقی,0,0
دریافت کریں,1,1
اففی,0,0
اففیہ,0,0
افانی,0,1
Aferdita,0,1
آفت,0,0
Affaan,1,1
Affan,1,1
Affia,0,0
Affie,0,1
انفینٹی,0,1
افسوس,1,1
دادا,0,1
افریقی,0,0
افف,1,0
اففا,0,1
اففا,0,1
ایتھن,0,1
افق,1,1
افرا,0,0
محفوظ,0,1
Afiyah,0,1
افضل,0,0
افضل,1,0
افضل,1,1
احساس,0,0
افانان,0,0.826603325
افولبی,1,0
خطرناک,0,1
دریا,3,0
افسوس,1,0
افرا,0,0
افرا,0,0
افراہ,0,1
Afraz,1,1
افسوس,1,1
افریقی,0,1
افریقہ,0,0
africanus,1,0
افریقہ,0,1
منفرد,0,0
افریدی,1,0
افریقہ,0,1
نقطہ نظر,1,0
Afrin,0,1
آفریدی,0,0
Aphrodite,0,1
وینس,0,0
افروز,0,0
افرازا,0,0
افس,0,1
وضاحت کرو,0,0
افسانا,0,1
افسنہ,0,1
افسار,1,0
چھوٹ,0,0
چھوٹ,0,0
افشا,0,0
افشا,0,0
افشان,0,1
افشان,0,0
افشار,1,0
افشین,0,0.857142857
افشین,1,1
افتاب,1,1
پیچھے,0,1
شام,0,1
Aftin,0,1
شام,0,0.862278866
Aftyn,0,1
Afua,0,0
ایویز,0,0
افضل,1,1
افضل,1,0
پسندیدہ,1,0
اگ,0,0
ہیں Tickler,0,0
آگیا,0,0
آگ,3,0
Agamemnon,1,0
اگرمجٹ,1,1
آلودہ,1,1
Agape,0,0
عزیز,1,0
اگپیٹس,1,0
Agapios,1,0
عزیز,0,1
Agapito,1,0
آرڈر,0,0
اگسی,1,1
اینٹیڈینٹ,1,1
آگیا,1,1
سے Agata,0,0
اگاتھ,0,0
اگاتھنیلوس,1,0
Agathe,0,0
اگاتن,1,0
آگ,0,0
Agda,0,0
عمر,1,0
Agee,1,1
اگلا,1,1
اگلا,0,1
Ageliki,0,1
آگ,0,1
ایجنٹ,1,1
Aggeliki,0,1
Aggi,0,0
اگلی,0,0
اگلی,0,0
آغا,1,1
آغا,0,0
سوئیاں,1,0
گلاب,1,1
AGI,1,0
ابیگیل,0,1
اگالہ,0,1
Agilulf,1,0
ڈان کی,1,0
Aginah,0,1
اعمال,1,1
اگلا,0,1
Aglaea,0,0
اگلایا,0,0
اگلا,0,0
Agmundr,1,0
Agna,0,1
عنوان,1,0
Agnarr,1,0
اگنی,0,0
اگناڈا,0,1
اگنایلا,0,1
اگنر,1,0
اجنس,0,0
یگنیس,0,0
اگنی,0,0
آگئی,0,1
Agnessa,0,0
Agnesse,0,0
Agneta,0,0
Agnete,0,0
Agnetha,0,0
Agnethe,0,0
اگنی,1,1
فلائی,0,0
اگنی,1,0
Agnieszka,0,0
اگنی,0,0
agnita,0,1
agnius,1,1
اگونا,0,0
اگنس,0,1
ڈان کی,1,1
Agostina,0,0
The,1,0
کی Agostino,1,0
باہر,0,0
اگرافینا,0,0
فارورج,1,0
اگراٹا,0,0
پیشگی,1,1
Agrima,0,1
Agripina,0,1
Agripino,1,1
اگریپ,3,0
agrippina,0,0
Agron,1,1
Agrona,0,0
Agueda,0,1
Aguinaldo,1,0
بہت اچھا,1,0
اگرن,0,0
Agurtzane,0,0
اور,1,0
Agusta,0,0.954372624
Aguste,1,0
Agustin,1,0.998510744
Agustina,0,0
آستین,1,1
اگست,1,1
آگیا,1,1
مینڈیٹ,1,0
اہ,3,0
آان,1,1
اوہانا,0,1
اہاب,1,0
اتوار,1,1
احد,1,1
اہلیہ,0,1
احمد,1,1
احمد,1,1
عین,1,1
احنا,0,1
آانو,1,1
Aharon,1,0
احرشی,1,1
احوا,0,0
احوا,0,1
احزہ,1,1
ہم آہنگی,1,1
احبری,0,1
احیا,0,1
امید ہے,1,1
ایک مناسب,0,1
Abenobarbus,1,0
Ahian,1,1
اہیاہ,1,1
الوداع,1,1
احسن,0,1
احناارا,0,1
احینوام,0,0
کل,1,1
عائشہ,0,1
احجا,0,1
دلیل,0,1
احزین,0,1
جہاز,0,1
احسنای,0,1
احکی,1,1
احکری,1,1
احکل,1,1
احکلہ,0,1
احکام,1,1
فیلڈ,1,1
احترام,1,1
خواب,0,1
ہیلو,0,0
میرا خاندان,0,1
خواب,0,1
ہیلو,0,0
دیر ہو چکی ہے,0,1
آو,0,1
Ahlanie,0,1
ہمارے لوگ,0,1
مزاحیہ,0,1
اہلیت,0,1
Hilela,0,1
ہمارے خاندان,0,1
احلیہ,0,1
ہنسی,0,1
اہلیہ,0,1
احلین,0,0
ہمارے خاندان,0,1
اہلیہ,0,1
اہلیہ,0,1
یہاں,0,1
Ahlexis,0,1
Ahlexus,0,1
احلی,0,1
اہلیہ,0,1
Ahliana,0,1
ماہر,1,1
اہلیہ,1,1
ماہر,0,1
Ahlivia,0,1
اہلیت,0,1
اہلیت,0,1
وہ غریب ہیں,0,1
Ahlyana,0,1
ہیلیس,0,1
Ahlyvia,0,1
احماد,1,1
احمد,1,0
احمد,1,1
جہاد,1,1
احسن,1,1
احمند,1,1
میں دیکھتا ہوں,0,0.857808858
احمر,1,1
ریڈ,0,1
ہمارا,1,1
احماری,1,0.706500956
ریڈ,0,1
کلین,0,1
احترام,1,1
احمریہ,0,1
احمد,1,1
موری,1,1
ایسا نہ کرو,0,1
احمد,1,0
احمیر,1,1
احمد,1,1
احمر,1,1
احمیر,1,1
احمد,1,0
احممی,1,0.88372093
اہمیت,0,1
احمان,0,1
احمد,1,1
Ahmier,1,1
بیوقوف,1,1
حمینہ,0,1
احمیر,1,0.996904025
ریڈ,0,1
Hummershall,0,1
ہرمہ,0,1
Ahmire,1,1
احمیا,0,1
اوہیا,0,1
Ahmod,1,1
احسن,1,1
احمام,1,1
احمونی,0,1
Ahmonie,0,1
احمق,1,0
احمیا,0,1
جہمہ,0,1
احمیاہ,0,1
غیر حوصلہ افزائی,0,1
احنا,0,1
احناف,1,1
مجھے اس سے نفرت ہے,0,1
Ahnalee,0,1
Ahnaleigh,0,1
آنا,0,1
احنالین,0,1
ہنری,0,1
انا,0,1
ہلا,0,1
Ahnesty,0,1
اہ,0,1
ہم نے اس کا لطف اٹھایا,0,1
اہنیہ,0,1
احناکا,0,1
Ahnisty,0,1
میں آپ کو توہین کرتا ہوں,0,1
میں نے اسے مبارکباد دی,0,1
اوہ، ایمانداری سے,0,1
انجیلا,0,1
احنا,0,1
اہ,0,1
احیاہ,0,1
Ahnyia,0,1
Ahnyla,0,1
Ahnylah,0,1
احونا,0,1
Ahonesti,0,1
احترام,0,1
ایہود,1,0
آزادی,0,1
Ahreanna,0,1
احسن,1,1
اہری,0,1
آزادی,0,1
اہیہہ,0,1
احترام,1,1
احیا,0,1
Ahrianna,0,1
اریل,0,1
احرام,1,0
آزادی,0,1
آزادی,0,1
اہرو,1,1
احیا,0,1
احسن,1,1
پکڑو,0,1
حیران,0,0
بہترین,1,1
انا,1,1
بہترین,1,1
احشا,0,1
احترام,0,1
شمار کریں,0,1
تنگ,1,1
احسن,0,1
ایشلے,0,1
احسوکا,0,1
آٹاہکپ,1,0
پانی خدا,1,0
ایمانداری,1,1
دوست,0,1
درخواست دیں,0,1
عائشہ عزیز,0,1
احتیاندر,1,0
Ahuva,0,0
احوا,0,1
Ahvianna,0,1
احیا,1,1
احان,1,1
میرا,0,1
احنا,0,1
Ahylin,0,1
احیا,0,1
احزاب,1,1
عزیز,0,1
احزرا,0,1
اسے لے لو,0,1
خبردار رہو,1,1
اس کے جوتے,0,1
عی,0,0
کہ,0,1
عیسی,0,1
آئرن,1,1
ایانا,0,1
Tianna,0,1
باغ میں,1,0
Aiyava,0,0
ایبیک,1,0
Aibel,1,1
دریاؤں,0,1
ایوی ایشن,0,1
دریا,0,0
ساتھیوں,0,1
Aicen,1,1
عائشہ,0,1
Aichatou,0,1
یہاں,0,1
اس کے علاوہ,0,0
عائشہ,0,1
ایڈزیز,0,1
Aidaly,0,1
ایڈالین,0,1
اس کے علاوہ,1,0
عدنان,0,1
ایڈمنجیم,1,1
ایڈن جیمز,1,1
میں Aidan جان,1,1
Aidanlee,1,1
ایڈن,1,1
ایڈن سکوٹ,1,1
امداد,1,1
امداد,1,1
امام,0,0
عدنان,1,1
ایڈن,1,1
میں مدد,0,1
ایڈیشن,1,1
امداد,0,1
مدد,0,1
Aideen,0,0
بت,0,1
اے اے کی تاریخ,0,1
AI مثال,0,1
ایڈنلن,0,1
ایڈن,1,0
اوجما کی,1,1
ایڈن جیمز,1,1
ایڈن جے,1,1
اوہ، میرا نام پی ہے,1,1
ایڈن لی,1,1
آگے بڑھو اور W انتظار کرو,1,1
Aiden میں مائیکل,1,1
Aidenn,1,1
ساتھی,0,1
Aideth,0,1
عیدین,1,1
آپ سے محبت,0,1
AI پوائنٹ,1,1
Aideen,1,1
ایڈن,1,0.980551053
Aidon,1,1
Aidrian,1,1
عدناننا,0,1
ایڈریک,1,1
Aidrick,1,1
پیڈیکی,1,1
ایڈز,0,1
مدد,1,0
ایڈی,0,1
امداد,1,1
Aidyn,1,0.820245239
ایڈنن,1,0.518796992
ایڈیان,1,1
Aieden,1,1
عائشہ,0,0
اییلا,0,0
اسحاق,0,1
محبت Esia,0,1
Aife,0,0
Aifric,0,0
آبان,1,1
پیشکشیں,0,0
عقاب,0,0
ہار,0,1
ہورنٹس,0,0
Aigner,0,1
شکریہ,1,1
Aiiden,1,1
Aiiva,0,0
Aija,0,1
ای,0,1
عجلہون,1,1
ایجالون,1,0.517766497
AJ,1,0
عہا,0,1
وقت,0,1
کیتھرین,0,0
کیتھرین,0,0
Aike,1,0
Aikeem,1,1
Aiken,1,1
Aiko,0,0
AILA,0,0
اوپر,0,1
ایلینا,0,1
اعلان,1,1
مولانا,0,1
اے اے,0,1
اے اے سلی ہوئی آئی,0,1
عینی,0,1
براہ راست,0,1
علیا,0,0
آبی,1,1
آبی,3,0
خاندان,0,1
ایائل,0,1
ایائلہ,0,1
ایلن,0,1
ایائلانا,0,1
ایائل,0,0
خستہ,0,1
ایائل,0,1
Aileen,0,0
Aileena,0,1
ایائلین,0,1
Aileigh,0,1
آئرش,0,0
ایلینا,0,1
ایلیین,0,1
ایلینی,0,1
انتباہ,0,1
Aileth,0,1
ایلی,0,1
ایلی,0,0
ایلیا,0,1
اے کے ساتھ اے,0,1
عیدی,0,0
کے لئے,0,1
Ailiedh,0,0
ایلیلیل,0,0
اییل,1,0
این میں این,0,0.994292237
ایلیینا,0,1
ایائل,0,1
ایلس,0,1
ایلیسا,0,1
AI میں رنگ,0,1
ایلیش,0,1
اے رشا,0,0
اے یوہ میں,0,1
Ailla,0,0
Ailleen,0,1
Aillene,0,1
Aillie,0,0
الپائن,1,0
علا,0,0
ایلیٹن,1,1
ایلی,0,1
Ailyah,0,1
Ailyn,0,1
ایلیے,0,1
Ailynn,0,1
Ailysh,0,0
Ail  s,0,0
خون,0,1
عینان,0,0
اما,0,0
ایمل,1,1
عمان,0,0
ایمن,0,1
عامر,1,0.512
امیر,0,1
پسند کرتا ہے,0,0.778401122
Aimee,0,0.998527719
Aimee,0,0
Aimee Anna,0,0
Aimee الزبتھ,0,0
Aimee فضل,0,0
Aimee جین,0,0
Aimee Jayne,0,0
Aimee جو,0,0
Aimee لی,0,0
Aimee lee,0,0
Aimee leigh,0,0
Aimee لوائس,0,0
Aimee lynn,0,0
Aimee Mae,0,0
Aimee ہو سکتا ہے,0,0
Aimee گلاب,0,0
Aimen,0,0.580645161
Aizome y,0,0
ایمیمی لاؤ,0,0
AI پرستار,0,0
Aimie,0,1
Aimiee,0,0
ایمیمی جائی,0,0
اسے حاصل,0,0
Aimme,0,1
Aimo,1,0
aimon,1,1
Aimsley,0,1
عامر,0,0
مقصد,0,1
عین,0,1
ہمیشہ,0,0
Ainara,0,1
آندریہ,1,0
مادہ,0,1
اینیس,1,0
گلابی آئن,0,0
سلسلہ,1,1
فرشتہ,0,0
فرشتہ,1,0
عین ہار,0,1
Ainhoa,0,0
میری آنکھوں,0,1
Ainka,0,1
Aino Zombies کے,0,0
صرف,0,0
ainorem,1,1
Ainslee,0,0
Ainsleigh,0,1
Ainsley,3,0
Ainslie,0,0
Ainsley,0,1
Ainsworth,1,1
پاک,0,0
Aintzane,0,0
وینک,0,1
Azley,0,1
یہ سرد تھا,0,0
Aiolos,1,0
انہوں نے دیکھا,0,1
ایون,0,1
ایئر,0,1
ایئرابیلا,0,1
ایئرابیل,0,1
پانی,0,1
ایئرالین,0,1
ایئرالین,0,1
Airam,0,0.873533246
ایران,1,1
Airan,0,1
ایئر,0,1
ایئری,0,1
ایئر,0,1
Aireanna,0,1
بند کرو,0,1
Airel,0,1
واپس اوپر واپس,0,1
اے اے لوگ,0,0.542168675
Aireon,1,0.915254237
Aireona,0,1
ایئرونا,0,1
ایئرز,1,0.78125
ایئرس,0,1
ساتھی,0,1
ایئر,0,0
فضائی,0,1
لیگان,0,1
Airiana,0,1
Airianna,0,1
ایئرک,1,1
ایئریکا,0,1
Airick,1,1
Airicka,0,1
ہوائی اڈے,1,1
Airiel,0,1
Airielle,0,1
ایئرک,1,1
ٹھیک ہے,0,1
ہوا پر,1,1
ایئرین,0,0.861111111
ایئرون,1,1
اس نے اسے دیکھا,0,1
ایئروننا,0,1
آئرش,0,0.95049505
آئرش,1,1
ایریرین,0,1
ایرلی,0,1
آئرن,1,0.973404255
ایئروناس,1,1
ایئرینشن,1,1
ایئرون,1,1
محبت للہ,0,1
Airyanna,0,1
Airyn,0,0.948979592
ایی رونا,0,1
محبت ریو,0,1
Airys,0,1
اس طرح,0,0.989816701
عیسہ,0,1
یسعیاہ,1,1
Aisatou,0,1
کیوں,1,1
Aisen,1,1
عائشہ,0,0
عائشہ,0,0
آپ عائشہ,0,1
ایشور,0,1
ہیلوسٹون,0,1
عائشہ,0,1
میں تم سے پیار کرتا ہوں,0,1
عائشہ,0,1
محبت کرنا,0,1
Achleen,0,1
Aishlin,0,1
Aishling,0,1
Aishlinn,0,0
Aishlyn,0,1
اشپریٹ,0,0
اشش,0,1
ایشوریا,0,0
آرام,0,1
عیسائی,0,1
ایسلا,0,1
Aislee,0,1
Aisleen,0,1
Aisleigh,0,1
Aisleigh rae,0,0
Aisley,0,1
ایسلین,0,0
Aislin,0,0
خواب,0,0
Aislinn,0,0
Aislyn,0,1
Aislynn,0,1
Aislynne,0,1
ایسن,1,1
دوستی,0,1
Aissa,0,1
Aissata,0,1
Aissatou,0,1
لازمی ہے,0,0
Aistis,1,1
ایشوریا,0,0
Aisya,0,1
عائشہ,0,0
میں مدد کرتا ہوں,1,1
عائشہ,0,1
اٹلی,0,1
مجھے لگتا ہے,1,0
انتھانا,0,1
Aithen,1,1
شناخت,0,0
بھارت,0,1
Aitlin,0,1
Aitor,1,0
عائشہ,0,1
Aiva,0,1
لائیو,0,1
حق,1,0.934210526
ایواراس,1,1
Aiven,1,1
ایلی,0,1
ایوی,0,1
ایوری,0,1
نو,0,1
Aixa,0,1
اے اے ذیلی,0,1
Aiyaan,1,1
کیا یہ ہے,0,1
سیاہ کرنے کے لئے,0,1
اے آئی آنکھ,1,1
Aiyana,0,1
Aiyanah,0,1
میں یہاں ہوں,0,1
ایانا,0,1
دویاہ,0,1
اییر سے,1,1
اییر سے,1,1
اییاشا,0,0
ساتھ,0,1
Aiylah,0,1
مجھ سے محبت کرو,0,1
ای یونا,0,1
ساشا,0,1
عیاض,0,0
Aiza,0,1
عائشہ,0,1
جی ہاں,1,1
عائشہ,1,1
ایزل,1,1
Aizen,1,1
اے میں اے,0,1
اوہ، ہاں,1,1
Aizlee,0,1
Aleleigh,0,1
Aizley,0,1
Aizlyn,0,1
Aizlynn,0,1
Aizza,0,1
اور,1,0.986103069
یجا,0,0.989092326
وقت,1,0
ajacis,0,1
ٹائمز,1,0
چلائیں,0,1
اجدین,1,1
اہ,0,0.731707317
اجہ,0,1
آزار,1,0
اجہن,1,1
اجائی,0,1
اجہنی,0,1
اجہنی,1,1
اجاز,1,0.505847953
Ajaipal,1,1
اوہو,1,0
مدعو کریں,1,1
Ayala میں,0,1
ٹائمس,0,1
اجمن,0,0.631578947
اجامو,1,1
کے لئے,1,1
اجانا,0,1
اجنبی,0,1
یہاں ہیں,0,1
کوشش کریں,0,1
اجنبی,0,1
Ajanea,0,1
Ajanee,0,1
واقعہ,1,1
الوداع,1,0.902604757
Ajanique,0,1
عجنان,1,1
اجارا,0,0
Ajasia,0,1
نمائندگی تنظیموں,1,1
Ajavion,1,1
ایجیکس,1,0
اجای,1,0
ایک جے,1,1
اجیا,0,1
اجایہ,0,1
میں تمہیں بتاؤں گا,1,1
Ajaycia,0,1
اجایڈن,1,1
جی ہاں,1,1
اجایلا,0,1
اجایلا,0,1
اجایپال,1,0
اجزاء,0,1
اجاز,1,1
سے aydin,1,0
Aje,0,1
Ajea,0,1
عیسی,0,0.895833333
میں تھکا ہوا ہوں,1,0
اس کی آٹا,0,1
Ajeet,1,0
غیر ملکی,0,1
Azagen,0,1
Ajene,1,0.601351351
اجای,0,1
اجھا,0,1
Whelp,0,1
جہانی,1,1
آزار,1,1
آجی,0,1
ایشیا,0,1
عجیہ,0,1
Ajiana,0,1
ajian,0,1
اجبولا,1,1
Azim,1,0
جرم,0,0
اجیت,1,0
اجتا,0,1
اجیتھ,1,1
اجیت,1,0
حالت,0,1
اجہہ,0,1
دماغ,0,0
Ajkati,0,0
Ajla,0,0
سب سے خوبصورت,1,1
سب سے خوبصورت,1,1
اجمان,1,0
اجمیر,1,0
اجمل,0,0
Ajmi,0,0
کچھ بھی,0,1
اجنبی,0,0
آگ,0,0
ڈرائیونگ,1,1
اجونی,1,1
رن وے,0,1
ملتوی,0,1
ہوا,0,0
کشتی,0,1
عائشہ,0,1
وہ جانتا ہے,0,1
حوا,0,1
اجوا,0,1
ٹھیک ہے,0,0
Ajwad,1,1
اکال,1,1
Akaaldeep,1,1
اسکاش,1,1
اککی,3,0
زیادہ تر,1,1
اکاکوکواجیم,1,1
اکاکیا,0,1
اکادیا,0,1
اککیہ,1,1
وہ رک جاتا ہے,0,1
اکائی,1,0.894594595
ایکیا,0,1
سے Akaila,0,1
کرو,0,1
اکین,1,1
یہ ختم ہو گیا ہے,0,1
Akaiya,0,1
Okayeh,0,1
وہ آیا,0,1
اککی,1,0
اکاکوسس,1,0
تصور کریں,0,1
اکال,0,0
میرا بھائی,1,1
اکوم,1,0
اکین,0,0
اککاشا,0,0
اکنی,1,1
اکانش,1,0
اکساہا,0,1
اکتا,0,0
چاہتے ہیں,1,1
سے Akara,0,1
روشنی,0,0.704472843
Akaria,0,1
توجہ,1,1
اکش,1,0
اکشا,0,1
اکشیدپ,1,1
اکاکیا,0,1
اکشی,1,0
اکاکیا,0,1
وہ کھڑا نہیں ہے,0,0
ببول,0,0
اککا,0,1
Akaycia,0,1
سے Akay,1,1
ایک عورت,0,1
عاقل,0,1
اکیلیا,0,1
اکساہا,0,1
Akaysia,0,1
اکبر,1,0
اکبری,0,0
سب سے بڑا,1,1
خالی,0,1
اقبال,1,1
Akeam,1,1
جی ہاں,0,1
پیر,0,1
اکبیا,0,1
کھول دیا,0,1
اکبیب,1,1
ایکل,1,1
اکیلا,0,1
اککیہ,0,1
Akeem,1,0
Akeema,0,1
ہیرو,1,1
Akeena,0,1
Akeera,0,1
Akeesha,0,1
اکیلا,0,1
Akeia,0,1
گھوڑے کی دوڑ,0,1
اکیل,1,1
میں نے کیا,0,1
اقلیہ,0,1
اکم,1,1
ٹھیک ہے,1,1
طالب علم,0,1
اکایشا,0,1
ذیلی قسم اور,0,1
اکیلا,0,1
اکیلا,0,1
اکیلیا,0,1
اکیم,1,1
اکیمی,0,0
اکیری,0,1
ونڈو,1,1
اکینا,0,1
ونڈو,0,1
اکینیا,0,1
ایسا نہ کرو,0,1
AKER,1,1
اکرا,0,0.980544747
اکراہ,0,1
اکیریا,0,1
اکیریہ,0,1
اکرا,0,1
کیڑے,0,1
ایک پاگل ہو سکتا ہے,0,1
اکشی آران,0,1
اکیٹزالی,0,1
اکٹیزیالی,0,1
اکیٹزالی,0,1
اکیویا,0,1
اکای,0,1
اکایہ,0,1
چلو چلتے ہیں,0,1
Akeyl کو,0,1
قبول کرو,0,1
اکائرا,0,1
اخلاق,1,0
آخری,1,1
تھکا ہوا نہیں,0,0
اکیلے,1,1
سب سے بہترین,1,0
کیڑے,1,1
Akhenaten,1,0
Akhenaton,1,0
میرا بھائی,1,1
اخیا,0,1
پین,1,0
وہ غریب ہے,0,0
اکیلش,1,1
اکیلشویر,1,0
Akhilles,1,1
اکیلیلس,1,1
اختتام,1,1
ٹھیک ہے,0,1
اخیا,0,1
اخلاق,1,0
Akhlesh,1,0
Akhlish,1,0
احمد,1,0
آخہ,0,0
اختر,1,0
اختر,0,0
جو,1,0
اکیا,0,0.941795666
اکیس,0,1
اکانا,0,1
اکب,1,0
بچت,1,0
اکڈا,1,0.736842105
شوگی,0,0.6875
آنکھیں,0,1
Akiel,1,1
Akiela,0,1
آنکھوں کے لئے,1,1
Akiera,0,1
Akierra,0,1
اکسیہ,0,1
عاکف,1,1
وہ مر گیا,0,0
اکفا,0,0
Akihiro,1,1
اکیکو,0,0
اککور,1,1
آکل,1,1
اکیلا,0,1
Akilah,0,0
اکلان,1,1
اکیلس,1,1
اکیلش,1,1
انٹیلی جنس,1,0.635332253
رو رہا ہے,0,1
اکیلینا,0,0
کوائف,1,1
اکم,1,0
اکم,0,1
آکی,0,1
اکین,1,1
اکینا,0,1
میرا,1,1
اکینولولو,1,1
یہ ٹھنڈی ہے,1,1
متعارف کرایا,1,1
انڈیکس,1,1
اخبار,1,1
یہ مضحکہ خیز نہیں ہے,1,1
نہیں,0,0
اکیو,1,0
منظور,1,1
آکیرا,3,0
آکیرا ایچ,0,1
جن,0,1
اسکرین,0,1
حاصل کریں,1,1
ایککر,0,1
بند کرو,0,1
وہ پکارتا ہے,0,1
اکتا,0,1
اکٹو,1,1
اکیو,1,0
خالی گھر,0,1
ضیا:,0,1
اکیلہ,0,1
اکریرا,0,1
اککاش,1,0
اککی,1,0
aklima,0,0
اکمل,1,1
کہ کس طرح,1,0.814814815
میں کہتا ہوں,1,1
اکون,1,0.792207792
اکونی,1,0
اکاؤنڈ,1,1
Akos کی,1,1
اہم,0,1
وہ کرے گا,0,1
Akosua,0,0
اکیا,0,1
اکپفورچر,3,0
اکرم,1,0
کنارے,0,1
استقبال,1,1
اکٹی,0,1
اکسا,0,1
اکا,0,0
اکسا,0,0
اکسانہ,0,1
میں ناکامی,1,1
Aksel,1,0
شافٹ,1,0
اک,1,1
اکشا,0,1
اکشاد,0,1
اختاج,1,1
ایکشن,1,1
ایکشن,0,0
خط,1,1
اکشا,0,1
خطوط,1,1
اکتٹ,1,1
akshata,0,1
اکھاتھ,1,1
اکشی,1,0
اکشاہ,0,1
اکشایا,0,0
اکشن,1,1
اکشی,1,1
اکشن,1,1
اکشٹ,1,1
اکشا,0,1
اکشیت,1,1
وہ کرتا ہے,0,1
البتہ,1,0
بالکل,1,1
عمل,0,0
مزید,0,0
Aktri,0,0
مجھے,1,0
خدا,0,0
اداکاری,3,0
اکیویلا,1,1
افسوس,1,1
اکیلی,0,0
اکورا,0,1
پانی کے لئے,0,0
اکسیسی,1,1
وہ بہرے ہے,0,1
اککسیل,1,1
اکیا,0,1
غیر معمولی,0,1
ٹھیک ہے,0,1
اککیہ,0,1
اکیلا,0,1
اکیلہ,0,1
اکرا,0,1
اکہرا,0,1
Vacuums,0,1
Akirie,1,1
Akzel,1,1
ال,1,0
Al0k,1,0
الا,1,0
Alaa کی,0,0
Alaa کی,0,0.723712835
ایلن,1,1
الانا,0,1
بیٹی,0,0
الاباما,0,1
ALAC,1,1
Alacia,0,1
Alacyia,0,1
علاء,1,0
Aladin میں,1,1
علاء,1,1
الادری,0,1
پنکھوں,0,1
زندہ,0,1
الینا,0,1
Alaetra,0,1
الیاہ,0,1
امن,0,1
Alagie,1,1
الہ,0,1
Alahbasri,0,0
الیاہ,0,1
غلط,0,1
ہیلو,0,1
Alahnna,0,1
الائی,1,0.545454545
الیاہ,0,0
الیاہ,0,1
البابا,0,0
ہاتھ,0,1
الہیہ,0,1
الاسکا,0,1
Alaija,0,1
علاج,0,0.991197183
ہوائی,0,1
موٹائی,0,0
پھر,0,1
اللاہہ,0,1
الین,1,0
الینا,0,0
الینہ,0,1
Alaine,0,1
Alainey,0,1
پتلا,0,1
الینی,0,1
الینا,0,1
الینناہ,0,1
Alair,0,1
الیریرا,0,1
الیری,0,1
الیسسا,0,1
الیسسیر,1,1
قتل کرنے کے لئے,0,1
زیر زمین,0,1
ایلسٹر,1,1
علیا,0,1
الیاہ,0,1
الیاہ,0,1
علاء,0,1
علیاہ,0,1
ایک بھرا ہوا,0,1
خوش آمدید,0,1
الجہہ,0,1
Alejandro,1,1
اجنبی,0,1
Alajhia,0,1
Alajia,0,1
الحجیاہ,0,1
alajos,1,0
توسیع,1,1
لیڈ,1,1
الکیسی,1,1
رسمی,1,1
الاللہ,0,1
الاللہ,0,1
عالم,1,1
ملک,0,1
الامو,0,1
الامانڈا,0,0
سگنل,0,1
پیتل,0,1
Alameda,0,1
Alameen,1,1
ال امین,1,1
جانیں,1,1
ال امین,1,1
علاقے,1,0
ایلن,0,0
الانہ,0,1
الانا لوء,0,0
الانا گلاب,0,0
ایلن,1,1
ایلنسیا,0,1
الند,1,1
علاقے میں,0,1
الینڈر,1,1
Alandis,1,1
النڈو,1,1
الینڈرا,0,1
الینڈری,1,1
الندریرا,0,1
الندریہ,0,1
ذلت,1,1
الین,0,1
انا,0,1
Alanee,0,1
Alaney,0,1
Alani,0,0.992249428
الیاہ,0,1
ایلن,0,1
Alanya,0,1
ایلنس,0,0
الانیز,0,1
Alanmichael,1,1
ایلن,1,1
الانا,0,0
الیاہ,0,0
ہدایات,0,1
الینی,0,1
ایلن,0,0
ایلن,0,1
الانیزس,0,1
Alano,1,1
Anoud,0,1
Alanoud,0,1
ایلن,1,1
Alanson,1,1
الٹا,0,1
Alantae,1,1
باہر,1,0.818996416
Alantis,0,1
الانترا,0,1
مشروط,0,1
Alanya کے,0,1
Alanyah,0,0
البانی,0,1
الانزو,1,1
الاؤس,1,0
فنڈ,0,0
الارا,0,1
Alarah,0,1
زمین,1,0
الاریا,0,1
alaric,1,0
Alarice,0,1
Alarick,1,1
Alarie,0,1
الریسر,1,1
الارس,0,1
الرن,0,0
الرنہ,0,0
این,0,0
الاسیر,1,0
الاسہریر,1,1
ایک بیوکوف,0,1
اس نے یاد کیا,0,1
الاسیا,0,1
علیاہ,0,1
الاسکا,0,1
Alassandra,0,1
Alassane,1,1
Alastair,1,0
Alastaire,1,1
Alastar,1,0
الاسٹر,1,1
الاسٹر,1,1
التاہ,0,1
Aljudin,1,0
الونا,0,1
Alaunah,0,1
الہندرا,0,1
الاؤنس,0,1
پنیر,0,1
الورا,0,1
الوراہ,0,1
الوداع,0,0
الاوہ,0,1
برعکس,1,1
الیگزینڈر,1,1
الیکشنرا,0,1
الیکشنیا,0,1
شیڈو,0,1
چڑھا,1,1
علیا,0,1
یہ,0,1
الیاہ,0,1
الیانا,0,0
الیاسیا,0,1
الیاسیا,0,1
الیاڈا,0,1
معلومات,1,0.6875
علیا,0,1
اسے پھینک دیں,0,1
الیاہ,0,1
الیاجا,0,1
معاف کرو,0,1
الیاہ,0,1
الیاج,0,1
الییجیہ,0,1
Ayla,0,1
Ayla,0,1
اسے لے لو,1,1
ہمارے پاس ہے,0,0
الینا,0,1
Alayne,0,1
قسمت میں,0,1
الینی,0,1
الینا,0,1
الینا,0,1
الیسا,0,1
زندگی,0,1
زندگی,0,1
الیاسیا,0,1
الیاسیا,0,1
الیسا,0,1
الیاہیا,0,1
الیازا,0,1
الیازا,0,1
علیزہ,0,1
پھیلانا,0,1
ایلیس,0,1
الیازہ,0,1
الازا,0,1
الازا,0,1
الازہ,0,1
الارزر,1,1
الازای,0,1
Azaya,0,1
الجزائر,0,1
جہنم,0,1
Alazhia,0,1
الازیا,0,1
الازہہ,0,1
الازن,0,0
البا,0,0
وائٹ ہاؤس,1,0
الباکاشا,1,0
البان,1,0
البانی,0,1
البانی,0,1
البانیہ,0,1
albano کی,1,0
Alban کی,1,0
البانی,0,0.991539763
Albaraka,1,1
Albaraka,1,1
Albaro,1,1
Albatol,0,0
البرٹروس,1,0
گوروں,1,1
Albee,0,1
البیرو,1,1
البمز,1,1
Albena,0,0
البر,1,1
البردیا,0,1
البرک,1,0
البرکچ,1,0
Alberico,1,0
البرٹ,1,0
البرٹا,0,0
البرٹ,1,0
Alberte,1,0
البرہہ,0,1
البرتھ,1,1
Albertha,0,1
البرٹیا,0,1
البرٹیکو,1,1
البرٹی,0,1
البرٹین,0,0
Albertine,0,0
البرٹس,1,1
البرٹجیم,1,1
البرٹو,1,0
البرٹس,1,0
البرسا,0,1
البی,1,1
بلیچ,1,1
Albia,0,1
البی,0,0.540909091
Albieri,1,1
Albieris,1,1
البانی,1,1
Albin,1,0
سے Albina,0,0
شہد کی مکھیوں کی,0,0
البانی,1,0
ایلبمز,1,0
البانی,1,1
البانی,0,1
البرڈا,0,1
کرنے Albirdi,0,1
ایک مہینہ,0,1
البرٹا,0,1
البوبین,1,0
البانی,1,1
البرز,1,0
Albrecht کے,1,0
Albree,0,1
Albrey,0,1
Albria,0,1
مند sapwood,1,1
البرس,1,0
یلبی,1,0
الکیس,1,0
الکواریا,0,1
الکواری,1,1
Alcee,1,1
کیمیا,0,1
Alcia,0,1
Alcibiades,1,0
Alcide,1,0
Alcides,1,0
یلس,0,0.972067039
الیکینا,0,1
الیکندر,1,1
Alcine,0,1
Alcippe,0,0
الکسیسی,0,0
Alco,1,1
الکوزین,1,1
Alcus,1,1
Alcy,0,1
الیشون,0,0
Alda کی,0,0
DAH,0,1
اللہحیر,1,1
Aldair,1,1
Aldan,1,1
Aldana,0,1
منسٹر,1,1
ڈین,1,1
گاؤں,0,1
طرف,0,0.683760684
Aldebrand,1,0
مذہب,0,1
سپرے,1,0
Aldegonda,0,0
Aldegund,0,0
الڈرمر,1,1
Alden,1,0
Aldena,0,1
Aldene,0,0.985795455
عمر,1,0.93175853
الڈریک,1,1
Aldert,1,0
ایڈڈیئر,1,1
وسوسہ,1,0
حصہ وقت,0,1
Aldie,1,0.65625
ایلیڈیانا,0,1
مذہب,1,0
Aldma,0,0
Aldine,0,0.835758836
Aldis,1,1
Aldith,0,0
آلدو,1,0
Aldolfo,1,1
Aldon,1,1
اڈونونا,0,0
اڈونیا,0,1
Aldonna,0,1
Aldor,1,1
اڈورا,0,1
Aldoris,0,1
Aldous,1,0
Aldred,1,1
Aldreda,0,0
Aldren,1,1
Aldrena,0,1
Aldric,1,0
Aldrich,1,1
Aldrick,1,1
Aldridge,1,1
Aldrik,1,1
الڈرین,1,1
عمر,0,1
اس طرح,3,0
اڈڈون,1,0
مذہب,1,0.651685393
Aldyth,0,1
لیکن,1,0
سے Alea,0,0
الیاسیا,0,1
الہہ,0,0
علہ,0,1
الیاہ,0,1
ایلیا,0,1
ایلن,0,1
ایلن,0,1
Aleander,1,1
Aleandra,0,1
Alcan,0,1
Aleanna,0,1
الاراارا,0,1
چنا,0,1
براہ مہربانی,0,0
Aleasha,0,1
Aleashia,0,1
الیاسیا,0,1
Aleata,0,1
البتہ,0,1
Aleathea,0,1
حدیث,0,1
Aleatra,0,1
جبڑے,0,1
الیاہ,0,1
الازایہ,0,0
Alec,1,0
الکا,0,1
Alecander,1,1
Aleccia,0,1
Alece,0,1
Alecea,0,1
Aleceia,0,1
بند کرو,0,1
Alechandre,1,1
Alechandro,1,1
الیچیا,0,1
الیاسیا,0,0
الیاس ہیلی لائی,0,0
الیکرم,0,1
Aleck,1,1
الکاسا,0,1
Alecsander,1,1
Alecsandra,0,1
Alecsis,0,1
Alecto,0,0
Alectra,0,1
Alecxa,0,1
Alecxander,1,1
الیکسییا,0,1
Alecxis,1,1
Aleczander,1,1
Aleczandria,0,1
Aled,1,0
Aleda,0,1
الڈررا,0,1
گلی,0,0.885601578
ایلے,0,1
الیاہ,0,1
البانیہ,0,1
Aleece,0,1
الیکیا,0,1
الیکیا,0,1
ان پر,0,1
Aleeka,0,1
پسند,0,1
Aleem,1,1
الیما,0,1
Aleemah,0,1
ایلین,0,1
Aleena,0,1
الینہہ,0,1
حالیہ تبدیلیاں,0,1
Aleera,0,1
وہ کوشش کرتے ہیں,0,1
Aleese,0,1
علیاہ,0,0
Aleeshba,0,0
ایلیلیا,0,1
Aleesia,0,1
Aleeta,0,1
Aleeya,0,1
الیاہ,0,1
ایلیلا,0,1
حلیفہ,0,1
Aleezay,0,1
الیگسی,0,1
ایلجینڈرا,0,1
Alejandro,1,1
Alegra,0,1
خوشی,0,1
خوشی,0,1
علہ,0,1
ایونیو,0,1
الیاہ,0,1
الجاجا,0,1
ایلیایا,0,1
Aleid,0,0
Aleida,0,0
Aleidy,0,1
Aleigh,0,1
Aleigha,0,1
Aleighana,0,1
الیرتنا,0,1
الہیہیا,0,1
Aleighna,0,1
Aleighsha,0,1
الیاہ,0,1
Aleiha,0,1
ایلیاہ,0,1
پسند,0,1
الیلی,0,1
ALEIN,0,1
Aleinah,0,1
تنہا,0,1
Aleida,0,1
Aleisa,0,1
Aleise,0,1
علیا,0,1
الیاشا لیگ,0,0
الیشا میری,0,0
Aleishia,0,1
Aleister,1,1
Aleita,0,1
Aleitha,0,1
Aleix,1,0
Aleixo,1,0
کلاس A,0,1
یہ,0,1
شامل ہوں,0,1
الجاجا,0,1
Alejandro,1,1
تیاری,0,1
منتقل,1,1
الجنجر,1,1
ایلجینڈرا,0,0
الجندریہ,0,1
Alejandrina,0,1
Alejandro,1,0
Alejo,1,0
Alejondro,1,1
دور,1,1
Alec,1,0.981349424
الکا,0,1
Alekai,1,1
Alekay,1,1
گراف,1,1
کلو,0,1
Aleki,1,1
بتاؤ,1,1
سے Aleks,1,0
Aleksa,0,0.896174863
Alexax,0,1
Aleksandar,1,0
الیگزینڈر,1,0
الیگزینڈر,1,0
الیگزینڈر,0,0
الیگزینڈر,1,0
الیکشنڈر,1,0
الیکشنیا,0,1
Alexandrina,0,0
الیگزینڈر,1,0
الیگزینڈر,1,0
الیگزینڈر,1,0
الیگزینڈر,1,0
یلیکس,1,1
Alexey,1,0
Aleksej,1,0
Alexey,1,1
Alexey,1,0
Aleksi,1,0
ہے Aleksa,0,1
Aleksis,0,0.931506849
یلیکس,1,1
الیکسی,1,0
Alekto,0,0
الیکٹرا,0,1
Alekxa,0,1
Alekxander,1,1
گلی,0,1
Aleksa,0,1
الیگزینڈر,1,1
الیگزینڈر,1,1
Alekzandra,0,1
Alela,0,1
اللی,0,1
اللیلیا,0,1
alleles,0,1
درد,1,0
Alema,1,1
Alemayehu,3,0
الین,1,0
الینا,0,0
الینہ,0,1
ایلنسیا,0,1
Alend,1,1
الینڈا,0,1
تنہا,0,0
پبلک,0,1
Alenia,0,1
الینس,0,1
الینکا,0,0
کم کریں,0,1
الینہہ,0,1
النس,1,1
الینی,0,1
فائدہ,0,1
Aleph,1,0.9
گلی,1,1
الرا,0,1
alerah,0,1
الیریاہ,0,1
Aleric,1,1
ونگ,0,1
الیرون,1,1
چنا,1,1
الساسا,0,1
الیسانا,0,1
Alesander,1,0
الیسینڈینڈرا,0,1
Alessandro کی,1,1
Alescia,0,1
چنا,0,1
الیسا,0,1
علیا,0,0
الشی جے,0,0
الیسہ ایم اے,0,0
الیشانی,0,1
الیسہ,0,1
الیسیا,0,1
الیشکا,0,1
غصہ,0,0
Alesi,0,1
الیسیا,0,0
Alesio کی,1,1
Alesiram,0,1
Alesja,0,0
الیسکا,0,1
alessa میں,0,0
alessand,1,1
الیسسٹر,1,1
Alessandra کے,0,0
اسکندریہ,0,1
Alessandro کی,1,0
السی,0,1
Alessia کی,0,0
Alessio کی,1,0
الیسو,1,1
الیسونڈیرا,0,1
الیسیا,0,1
الیسیا,0,1
فائن,0,0
الٹا,0,0
Alethea,0,0
Aletheia,0,1
الٹیہیا,0,1
Aletia,0,1
Aletra,0,1
Aletris,0,1
اسے چھپائیں,0,1
Aletta,0,1
پنکھ,0,1
گرانٹ,0,1
شعلے,0,0
Alevia,0,1
یلیکس,3,0
Alexa,0,0
Alexa Abby,0,0
Alexader,1,1
یلیکسادرا,0,1
الیکسہ,0,1
الیکسا ایم اے,0,0
Alexamarie,0,1
Alexan,1,1
الیکنانا,0,1
الیکشن,1,1
Alexanda,0,1
الیکشنر,1,1
الیگزینڈر,1,1
الیگزینڈر,1,0
الیکشنرا,0,1
الیگزینڈریا,0,1
الگزینڈرجیم,1,1
الیگزینڈر جیمز,1,1
الیکشنیا,0,1
الیکشنیا,0,1
الیکشنور,1,1
ایگزینڈر,1,0
الیکشنرا,0,0
الیکشنرا,0,1
الیکشنڈر,1,0
الیکشنری,0,0
الیگزینڈر پرنس,1,1
الیکشنیا,0,1
الیگزینڈر,1,1
الیکشنرو,1,1
الیکشنیا,0,0
الیکشنیاہ,0,1
اسکندریہ,0,0
Alexandrina میں,0,0
Alexandrine,0,0
الیگزینڈرا,1,1
Alexandros,1,0
سے Alexandru,1,0
الیکشنری,0,1
الیگزینڈر,1,1
Alexann,0,1
Alexanna,0,1
یلیکسنڈررا,0,1
Alexanne,0,1
الیکشنرا,0,1
Alexarae,0,1
Alexaray,0,1
ایلیکس گلاب,0,0
یلیکس,0,1
الکساندنڈرا,0,1
یلیکسواؤنڈری,0,1
یلیکسواڈوریا,0,1
الیکاویا,0,1
الیکویئر,1,1
Alexavior,1,1
Alexey,0,0
alexc,0,1
alexc,0,0.951327434
Alexcia,0,1
Alexe,0,1
الیکسیا,0,1
Alexee,0,1
الیکسی,1,0
الیکسیا,0,1
الیکسی,1,0
یلیکسینڈر,1,1
ایگزیکٹو,0,1
Alexendria,0,1
Alexis,0,0.834326579
Alexeus,0,1
Alexey,1,0
Alexeya,0,1
Alexi,0,0.718690882
الیکسیا,0,0
الیکسیاہ,0,1
یلیکسیا leigh,0,0
الیکسیا ایم اے,0,0
Alexian,1,1
Alexiana,0,1
Alexianna,0,1
الیکسیا,0,1
Alexica,0,1
یلیکسیکیا,0,1
Alexie کی,0,0.849045691
Alexios,0,1
Alexiel,0,0.5
Alexies,0,1
Alexina,0,0
Alexine,0,1
alexio,1,1
Alexiona,0,1
Alexionna,0,1
Alexios,1,0
یکساں,0,1
Alexis,3,0
یلیکسسا,0,1
یلیکسسیا,0,1
یلیکسسجڈ,0,1
یلیکسس لو,0,0
الیکسس ایم اے,0,0
Alexismarie,0,1
Alexisnicole,0,1
یلیکسیسروس,0,1
یلیکسس گلابی,0,0
Alexiss,0,0.96350365
یلیکسیوس,1,0
یلیکسئس لی,0,0
Alexix,0,0.880952381
Alexiya,0,1
Alexiyah,0,1
Alexiyana,0,1
Alexis,0,0.515564202
یلیکس جیمز,1,1
Alexjandro,1,1
یلیکس جے,1,1
الیگزینڈر,1,1
الیکشنرا,0,1
Alexondra,0,1
Alexondria,0,1
Alexous,0,1
Aleks,1,1
Alexsa,0,1
Alexsander,1,1
یلیکسسینڈرا,0,1
یلیکسسینڈیا,0,1
Alexsandro,1,1
الیکسسی,0,0
Alexsi,1,1
Alexsia,0,1
Alexsis,0,0.86878453
Alexson,1,1
الکسسنڈرا,0,1
Alexssa,0,1
Alexsus,0,1
Alexsys,0,1
Alexuis,0,1
Alexus,0,0
Alexusia,0,1
Alexuss,0,1
Alexx,1,0.638838475
Alexxa,0,1
Alexxander,1,1
Alexxandra,0,1
Alexxandria,0,1
Alexxes,0,1
Alexxia,0,1
Alexxis,0,0.994773519
Alexxus,0,1
Alexxys,0,1
Alexy,0,0.549206349
Alexya,0,1
Alexyanna,0,1
الیکیایا,0,1
Alexis,0,0.917387346
Alexis,0,1
Alexie,0,1
Alexz,0,1
Alexza,0,1
الیگزینڈر,1,1
Alexzander,1,1
Alexzandra,0,1
Alexzandrea,0,1
یلیکسزندریہ,0,1
یلیکسزندری,0,1
Alexzandyr,1,1
Alexzavier,1,1
الیکسیا,0,1
Alexis,0,1
ایلی,0,0.846153846
الیاہ,0,1
اللیہ,0,1
ایلیانا,0,1
Aleycia,0,1
ایلیڈا,0,1
آپ کو مل گیا,0,1
الہی,0,1
الیاہ,0,1
ایلییاہ,0,1
aleyla,0,1
aleyna,0,1
Aleynah,0,1
الینینا,0,1
ایلیا,0,1
ویسے بھی,0,1
ایلیشا,0,1
ایلیشا,0,1
الیاسیا,0,1
ایلیسا,0,1
Aleosa,0,1
Alez,1,1
فلائی,0,1
ایلس,0,1
Alezander,1,1
Alezandra,0,1
اسکندریہ,0,1
Alezandro,1,1
الزوے,0,1
نہیں,0,1
A,1,0
الفا,0,0.979079498
الفا,0,1
الفا Nette,0,1
الفاسوسو,1,1
الفریڈ,1,1
Alfaretta,0,1
الفرق,1,0
البرابر,1,0
الفی,1,1
الفییو,1,0
Alferd,1,1
Alferdo,1,1
Alferetta,0,1
الفی,1,1
الفی,1,1
Alfhard,1,0
الفر,1,0
Alfhild,0,0
Alfhildr,0,0
الفی,1,1
الیاہ,0,1
الفی,1,0
الفی,1,1
الفی جارج,1,1
الفی ج,1,1
الفی جیک,1,1
الفی جائی,1,1
الفی جیمز,1,1
الفی جے,1,1
الفی جے,1,1
الفی جان,1,1
الفی جولوسف,1,1
الفی جونیئر,1,1
الیفی لی,1,1
الفی رے,1,1
الفی تھامس,1,1
الفین,1,1
Alfio,1,1
الفیہ,0,1
Alfonce,1,1
الفون,1,0
الفاسا,1,0.929032258
الفوسن,1,1
الفاسنینا,0,0
Alfonso,1,0
Alfonso,1,1
الفانسو,1,0
Alfonza,1,1
Alfonzia,1,1
Alfonzie,1,1
Alfonzo,1,1
Alford,1,0.998954631
الفورنیا,1,1
Alfr,1,0
Alfread,1,1
الفردہ,0,1
الفریڈ,1,0
الفریڈ,0,0
الفریڈ,1,0
الفریڈڈی,1,1
Alfredia,0,1
الریدو,1,0
الریٹرک,1,1
الفاہرا,0,1
الفاڈا,0,1
الفرٹا,0,1
منفرد,0,1
الفیادا,0,1
الفون,1,0
الفا,1,1
تنخواہ,0,0.96350365
الگر,1,0
الگا,0,1
طحالب,0,0.67816092
الجنس,1,1
الجزائر,1,0
Algerd,1,1
الجزائر,0,1
الجیریائی,0,1
الگرنون,1,0
مکمل,1,1
Algertha,0,1
الیاہ,1,0.557692308
Algie,1,0.808994709
الگن,1,1
الگریز,1,1
الگریز,1,1
الگیس,1,1
Algot,1,1
Algy,1,1
الہیگی,1,1
الہجی,1,1
الحقیم,1,1
الہام,0,1
حمیدی,0,0
پر مشتمل ہے,1,1
الہانا,0,1
الانؤف,0,1
الشان,1,1
الشان,1,1
Alhassane,1,1
Alheli,0,1
الہینا,0,1
Alhia,0,1
Al houssen,1,1
Alhowra,0,0
لیکن,1,0
الیاس,0,0
الیاہ,0,1
عباس,1,1
علی عباس,1,1
علی,0,0
علیہ,0,1
Aliah,0,1
علیاکبر,1,1
علی اکبر,1,1
علیاکارڈر,1,0
علیاکسی,1,0
ایلین,1,1
الیاانا,0,1
الیاہ,0,1
علیاندرا,0,1
الیسی,0,1
اتحادیوں,0,1
دیگر,0,1
Aliannah,0,1
Alianne,0,1
Aliannie,0,1
Alianny,0,1
الیسی,0,1
الیئنس,0,1
علی,1,1
لیکن اصغر,1,1
الیاونا,0,1
پریشانی,0,1
علیہ السلام,0,1
الیاس,1,1
الیک,1,1
Alica,0,0
نظر انداز,0,1
Alican,1,1
الیکیا,0,1
ایلس,0,0
الیسا,0,1
الیسنن,0,1
الیسیا,0,1
ایلس لوائس,0,0
Alicemae,0,1
ایلس ایم اے,0,0
الکیاماریوں,0,1
ایلس ہو سکتا ہے,0,0
Alican,0,1
گلابی ایلس,0,0
الیسسن,0,1
الیکشن,0,1
ایلس,0,1
نہیں کیا,0,1
اس نے روکا,0,1
الیکیا,0,0
الیاس فضل,0,0
الیسیہ,0,1
الیکیا جین,0,0
الیکیا لاؤ,0,0
الیکیا ایم اے,0,0
الیلیسیمی,0,1
الیکیا ماری,0,0
الیاس ہو سکتا ہے,0,0
الشان,0,1
Aliciana,0,1
Alicianna,0,1
ایلیسیا گلاب,0,0
الیکیا,0,1
یلس,0,0
الیک,1,1
الیکیا,0,1
الیکن,0,1
الدہ,0,0
الیاہ,0,1
الیدیا,0,1
Alie,0,0.864661654
الیا,0,1
الیاہ,0,1
ایلس,0,1
ایلس,0,1
الیاڈا,0,1
Aliee,0,1
الیین,0,1
الیاگھ,0,1
Aliehs,0,0
غیر ملکی,0,1
اجنبی,0,1
اجنبی,0,1
علییننا,0,1
Alienor,0,0
الیری,0,1
ایلس,0,1
الجزائر,0,1
شکار,0,1
الیشہ ہو سکتا ہے,0,0
علیشاہ,0,1
الیٹیٹ,0,1
Alieu,1,1
علیی,0,1
الیا,0,1
الیازا,0,1
الیازہ,0,1
A,1,1
الفا,0,0
ان پر,0,1
علی ہسان,1,1
دوسروں,1,0.857142857
پوکوہ مینیجر,0,0
شامل ہوں,0,1
Aliisa,0,0
علییہ,0,1
الیا,1,0.6
الیاہ,1,0.87901462
الجیان,1,0
الجیاندرا,0,1
Alejandro,1,1
الجیہ,1,0.796296296
الیاہ,1,1
تم,1,0.982269504
الکا,1,0.537856441
الکیہ,0,1
الکی,1,1
اسی طرح,0,1
الکخان,1,0
الکی,0,1
الیلا,0,1
خدا,0,1
پکارا,0,1
وہ حاملہ تھی,0,1
الیلیانا,0,1
سائنسدان,1,0
Alima,0,1
